Rk,Player,Age,Team,Pos,G,GS,Att,Yds,TD,1D,Succ%,Lng,Y/A,Y/G,A/G,Fmb,Awards
1,Ezekiel Elliott,23,DAL,RB,15,15,304,1434,6,74,49,41,4.7,95.6,20.3,6,"PB,AP-2"
2,Saquon Barkley,21,NYG,RB,16,16,261,1307,11,50,39.8,78,5,81.7,16.3,0,"PB,AP ORoY-1"
3,David Johnson,27,ARI,RB,16,16,258,940,7,51,38,53,3.6,58.8,16.1,3,
4,Todd Gurley,24,LAR,RB,14,14,256,1251,17,70,55.9,36,4.9,89.4,18.3,1,"PB,AP-1,AP OPoY-3"
5,Adrian Peterson,33,WAS,RB,16,16,251,1042,7,47,45.8,90,4.2,65.1,15.7,3,AP CPoY-3
6,Jordan Howard,24,CHI,RB,16,15,250,935,9,53,47.2,42,3.7,58.4,15.6,2,
7,Chris Carson,24,SEA,RB,14,14,247,1151,9,61,50.6,61,4.7,82.2,17.6,3,
8,Joe Mixon,22,CIN,RB,14,13,237,1168,8,60,48.5,51,4.9,83.4,16.9,0,
9,Peyton Barber,24,TAM,RB,16,16,234,871,5,41,42.3,28,3.7,54.4,14.6,1,
10,Christian McCaffrey,22,CAR,RB,16,16,219,1098,7,53,54.3,59,5,68.6,13.7,4,AP-2
11,James Conner,23,PIT,RB,13,12,215,973,12,56,48.4,30,4.5,74.8,16.5,4,PB
12,Derrick Henry,24,TEN,RB,16,12,215,1059,12,50,50.2,99,4.9,66.2,13.4,1,
13,Lamar Miller,27,HOU,RB,14,14,210,973,5,36,42.4,97,4.6,69.5,15,1,PB
14,Sony Michel,23,NWE,RB,13,8,209,931,6,54,51.2,34,4.5,71.6,16.1,1,
15,Marlon Mack,22,IND,RB,12,10,195,908,9,50,52.8,49,4.7,75.7,16.3,2,
16,Alvin Kamara,23,NOR,RB,15,13,194,883,14,57,58.2,49,4.6,58.9,12.9,1,PB
17,Nick Chubb,23,CLE,RB,16,9,192,996,8,47,47.9,92,5.2,62.3,12,0,
18,Phillip Lindsay,24,DEN,RB,15,8,192,1037,9,49,49.5,65,5.4,69.1,12.8,0,PB
19,Kareem Hunt,23,KAN,RB,11,11,181,824,7,46,51.9,45,4.6,74.9,16.5,0,
20,Melvin Gordon,25,LAC,RB,12,12,175,885,10,47,51.4,34,5.1,73.8,14.6,1,PB
21,Doug Martin,29,OAK,RB,16,9,172,723,4,37,52.3,29,4.2,45.2,10.8,3,
22,Carlos Hyde,28,2TM,RB,14,7,172,571,5,27,38.4,22,3.3,40.8,12.3,2,
22,Carlos Hyde,28,CLE,RB,6,5,114,382,5,20,36.8,22,3.4,63.7,19,1,
22,Carlos Hyde,28,JAX,RB,8,2,58,189,0,7,41.4,19,3.3,23.6,7.3,1,
23,Tevin Coleman,25,ATL,RB,16,14,167,800,4,36,42.5,65,4.8,50,10.4,2,
24,LeSean McCoy,30,BUF,RB,14,13,161,514,3,22,36,28,3.2,36.7,11.5,0,
25,Frank Gore,35,MIA,RB,14,14,156,722,0,25,51.3,39,4.6,51.6,11.1,1,
26,Dion Lewis,28,TEN,RB,16,7,155,517,1,22,32.9,36,3.3,32.3,9.7,1,
27,LeGarrette Blount,32,DET,RB,16,8,154,418,5,25,35.1,27,2.7,26.1,9.6,2,
28,Matt Breida,23,SFO,RB,14,13,153,814,3,36,45.1,66,5.3,58.1,10.9,1,
29,Alfred Blue,27,HOU,RB,16,2,150,499,2,25,37.3,17,3.3,31.2,9.4,0,
30,Lamar Jackson,21,BAL,QB,16,7,147,695,5,45,51,39,4.7,43.4,9.2,12,
31,Isaiah Crowell,25,NYJ,RB,13,6,143,685,6,26,35,77,4.8,52.7,11,0,
32,Latavius Murray,28,MIN,RB,16,6,140,578,6,23,42.1,38,4.1,36.1,8.8,0,
33,Mark Ingram,29,NOR,RB,12,6,138,645,6,34,53.6,38,4.7,53.8,11.5,3,
34,Gus Edwards,23,BAL,RB,11,6,137,718,2,37,61.3,43,5.2,65.3,12.5,0,
35,Dalvin Cook,23,MIN,RB,11,10,133,615,2,22,41.4,70,4.6,55.9,12.1,2,
36,Leonard Fournette,23,JAX,RB,8,8,133,439,5,23,47.4,25,3.3,54.9,16.6,0,
37,Aaron Jones,24,GNB,RB,12,8,133,728,8,41,54.9,67,5.5,60.7,11.1,1,
38,Royce Freeman,22,DEN,RB,14,8,130,521,5,30,46.2,24,4,37.2,9.3,1,
39,Jamaal Williams,23,GNB,RB,16,8,121,464,3,25,47.9,20,3.8,29,7.6,0,
40,Josh Adams,22,PHI,RB,14,5,120,511,3,23,46.7,29,4.3,36.5,8.6,1,
41,Kenyan Drake,24,MIA,RB,16,7,120,535,4,23,45,54,4.5,33.4,7.5,2,
42,Kerryon Johnson,21,DET,RB,10,7,118,641,3,32,52.5,71,5.4,64.1,11.8,1,
43,Chris Ivory,30,BUF,RB,13,1,115,385,1,25,45.2,21,3.3,29.6,8.8,1,
44,Alex Collins,24,BAL,RB,10,10,114,411,7,22,46.5,19,3.6,41.1,11.4,3,
45,Mike Davis,25,SEA,RB,15,2,112,514,4,25,51.8,37,4.6,34.3,7.5,0,
46,Alfred Morris,30,SFO,RB,12,1,111,428,2,24,41.4,51,3.9,35.7,9.3,2,
47,Austin Ekeler,23,LAC,RB,14,3,106,554,3,25,50,41,5.2,39.6,7.6,1,
48,T.J. Yeldon,25,JAX,RB,14,5,104,414,1,16,44.2,20,4,29.6,7.4,1,
49,Cam Newton,29,CAR,QB,14,14,101,488,4,36,48.5,29,4.8,34.9,7.2,6,
50,Tarik Cohen,23,CHI,RB,16,7,99,444,3,20,44.4,32,4.5,27.8,6.2,7,"PB,AP-1"
51,Deshaun Watson,23,HOU,QB,16,16,99,551,5,33,52.5,34,5.6,34.4,6.2,9,PB
52,James White,26,NWE,RB,16,3,94,425,5,22,44.7,27,4.5,26.6,5.9,0,
53,Elijah McGuire,24,NYJ,RB,8,3,92,276,3,15,35.9,34,3,34.5,11.5,2,
54,Marshawn Lynch,32,OAK,RB,6,6,90,376,3,20,53.3,52,4.2,62.7,15,0,
55,Ito Smith,23,ATL,RB,14,0,90,315,4,18,47.8,18,3.5,22.5,6.4,1,
56,Josh Allen,22,BUF,QB,12,11,89,631,8,41,59.6,45,7.1,52.6,7.4,8,
57,Wendell Smallwood,24,PHI,RB,16,6,87,364,3,22,49.4,15,4.2,22.8,5.4,2,
58,Nyheim Hines,22,IND,RB,16,4,85,314,2,17,45.9,18,3.7,19.6,5.3,1,
59,Rashaad Penny,22,SEA,RB,14,0,85,419,2,18,38.8,38,4.9,29.9,6.1,0,
60,Bilal Powell,30,NYJ,RB,7,7,80,343,0,16,40,38,4.3,49,11.4,2,
61,Dak Prescott,25,DAL,QB,16,16,75,305,6,25,46.7,28,4.1,19.1,4.7,12,PB
62,Corey Clement,24,PHI,RB,11,0,68,259,2,15,42.6,32,3.8,23.5,6.2,4,
63,Mitchell Trubisky,24,CHI,QB,14,14,68,421,3,29,58.8,39,6.2,30.1,4.9,6,PB
64,Russell Wilson,30,SEA,QB,16,16,67,376,0,23,50.7,40,5.6,23.5,4.2,10,PB
65,C.J. Anderson,27,2TM,RB,11,3,67,403,2,21,67.2,46,6,36.6,6.1,0,
65,C.J. Anderson,27,CAR,RB,9,1,24,104,0,3,50,22,4.3,11.6,2.7,0,
65,C.J. Anderson,27,LAR,RB,2,2,43,299,2,18,76.7,46,7,149.5,21.5,0,
66,Jeff Wilson,23,SFO,RB,6,2,66,266,0,13,50,18,4,44.3,11,3,
67,Marcus Mariota,25,TEN,QB,14,13,64,357,2,26,56.3,27,5.6,25.5,4.6,9,
68,Kenneth Dixon,24,BAL,RB,6,0,60,333,2,20,51.7,37,5.6,55.5,10,2,
69,Chase Edmonds,22,ARI,RB,16,0,60,208,2,14,43.3,29,3.5,13,3.8,1,
70,Patrick Mahomes,23,KAN,QB,16,16,60,272,2,17,53.3,28,4.5,17,3.8,9,"PB,AP-1,AP MVP-1,AP OPoY-1"
71,Jordan Wilkins,24,IND,RB,16,3,60,336,1,15,56.7,53,5.6,21,3.8,2,
72,Blake Bortles,26,JAX,QB,13,12,58,365,1,28,60.3,41,6.3,28.1,4.5,8,
73,Rex Burkhead,28,NWE,RB,8,4,57,186,0,11,38.6,12,3.3,23.3,7.1,2,
74,Giovani Bernard,27,CIN,RB,12,4,56,211,3,14,37.5,23,3.8,17.6,4.7,0,
75,Jaylen Samuels,22,PIT,RB,14,3,56,256,0,13,51.8,25,4.6,18.3,4,1,
76,Jalen Richard,25,OAK,RB,16,1,55,259,1,11,45.5,30,4.7,16.2,3.4,3,
77,Zach Zenner,27,DET,RB,8,1,55,265,3,14,54.5,29,4.8,33.1,6.9,0,
78,Marcus Murphy,27,BUF,RB,11,1,52,250,0,7,42.3,30,4.8,22.7,4.7,1,
79,Wayne Gallman,24,NYG,RB,15,1,51,176,1,7,41.2,9,3.5,11.7,3.4,2,
80,Spencer Ware,27,KAN,RB,13,2,51,246,2,14,43.1,34,4.8,18.9,3.9,0,
81,Justin Jackson,22,LAC,RB,13,1,50,206,2,13,50,20,4.1,15.8,3.8,0,
82,Damien Williams,26,KAN,RB,16,3,50,256,4,15,62,25,5.1,16,3.1,1,
83,Jameis Winston,24,TAM,QB,11,9,49,281,1,19,53.1,18,5.7,25.5,4.5,7,
84,Andrew Luck,29,IND,QB,16,16,46,148,0,12,39.1,33,3.2,9.3,2.9,6,"PB,AP CPoY-1"
85,Jay Ajayi,25,PHI,RB,4,3,45,184,3,11,48.9,20,4.1,46,11.3,1,
86,Kirk Cousins,30,MIN,QB,16,16,44,123,1,12,36.4,19,2.8,7.7,2.8,9,
87,Sam Darnold,21,NYJ,QB,13,13,44,138,1,16,38.6,28,3.1,10.6,3.4,5,
88,Rod Smith,26,DAL,RB,16,1,44,127,1,10,38.6,14,2.9,7.9,2.8,0,
89,Malcolm Brown,25,LAR,RB,12,0,43,212,0,10,67.4,19,4.9,17.7,3.6,0,
90,Jared Goff,24,LAR,QB,16,16,43,108,2,9,32.6,16,2.5,6.8,2.7,12,PB
91,Aaron Rodgers,35,GNB,QB,16,16,43,269,2,20,69.8,23,6.3,16.8,2.7,6,PB
92,Chris Thompson,28,WAS,RB,10,0,43,178,0,9,30.2,16,4.1,17.8,4.3,1,
93,Cordarrelle Patterson,27,NWE,WR,15,5,42,228,1,15,54.8,27,5.4,15.2,2.8,1,AP-2
94,Javorius Allen,27,BAL,RB,14,0,41,110,3,10,36.6,17,2.7,7.9,2.9,1,
95,Alex Smith,34,WAS,QB,10,10,41,168,1,15,48.8,22,4.1,16.8,4.1,6,
96,Ty Montgomery,25,2TM,WR,13,0,41,188,1,10,53.7,16,4.6,14.5,3.2,2,
96,Ty Montgomery,25,GNB,WR,7,0,26,105,1,6,46.2,16,4,15,3.7,2,
96,Ty Montgomery,25,BAL,WR,6,0,15,83,0,4,66.7,15,5.5,13.8,2.5,0,
97,Duke Johnson,25,CLE,RB,16,2,40,201,0,9,50,23,5,12.6,2.5,1,
98,Theo Riddick,27,DET,RB,14,3,40,171,0,8,42.5,19,4.3,12.2,2.9,0,
99,Baker Mayfield,23,CLE,QB,14,13,39,131,0,8,38.5,35,3.4,9.4,2.8,7,AP ORoY-2
100,Trenton Cannon,24,NYJ,RB,16,0,38,113,1,7,36.8,21,3,7.1,2.4,0,
101,Taysom Hill,28,NOR,QB,16,4,37,196,2,15,56.8,35,5.3,12.3,2.3,1,
102,Kalen Ballage,23,MIA,RB,12,0,36,191,1,10,44.4,75,5.3,15.9,3,1,
103,Ryan Fitzpatrick,36,TAM,QB,8,7,36,152,2,9,44.4,18,4.2,19,4.5,4,
104,Devontae Booker,26,DEN,RB,16,0,34,183,1,11,52.9,26,5.4,11.4,2.1,1,
105,Raheem Mostert,26,SFO,RB,9,0,34,261,1,13,64.7,52,7.7,29,3.8,1,
106,Carson Wentz,26,PHI,QB,11,11,34,93,0,8,44.1,13,2.7,8.5,3.1,9,
107,Jacquizz Rodgers,28,TAM,RB,16,0,33,106,1,7,33.3,20,3.2,6.6,2.1,1,
108,Matt Ryan,33,ATL,QB,16,16,33,125,3,15,57.6,15,3.8,7.8,2.1,10,
109,Ryan Tannehill,30,MIA,QB,11,11,32,145,0,9,40.6,20,4.5,13.2,2.9,5,
110,Drew Brees,39,NOR,QB,15,15,31,22,4,11,38.7,11,0.7,1.5,2.1,5,"PB,AP-2,AP MVP-2,AP OPoY-2"
111,Ben Roethlisberger,36,PIT,QB,16,16,31,98,3,13,51.6,18,3.2,6.1,1.9,7,
112,DeAndre Washington,25,OAK,RB,10,0,30,115,0,8,56.7,13,3.8,11.5,3,1,
113,Stevan Ridley,29,PIT,RB,10,0,29,80,1,3,27.6,12,2.8,8,2.9,2,
114,Darren Sproles,35,PHI,RB,6,2,29,120,1,6,41.4,17,4.1,20,4.8,0,
115,John Kelly,22,LAR,RB,4,0,27,74,0,6,40.7,7,2.7,18.5,6.8,0,
116,Dwayne Washington,24,NOR,RB,13,0,27,154,0,7,44.4,28,5.7,11.8,2.1,0,
117,Case Keenum,30,DEN,QB,16,16,26,93,2,11,46.2,17,3.6,5.8,1.6,11,
118,Jeff Driskel,25,CIN,QB,9,5,25,130,2,7,44,27,5.2,14.4,2.8,4,
119,Matthew Stafford,30,DET,QB,16,16,25,71,0,8,44,10,2.8,4.4,1.6,6,
120,Derek Carr,27,OAK,QB,16,16,24,47,1,5,29.2,15,2,2.9,1.5,12,
121,Tom Brady,41,NWE,QB,16,16,23,35,2,10,43.5,10,1.5,2.2,1.4,4,PB
122,Josh Johnson,32,WAS,QB,4,3,23,120,1,7,56.5,16,5.2,30,5.8,2,
123,Ronald Jones II,21,TAM,RB,9,0,23,44,1,2,39.1,9,1.9,4.9,2.6,0,
124,Josh Rosen,21,ARI,QB,14,13,23,138,0,8,39.1,33,6,9.9,1.6,10,
125,Tyreek Hill,24,KAN,WR,16,16,22,151,1,7,63.6,33,6.9,9.4,1.4,0,"PB,AP-1"
126,Keith Ford,24,BUF,RB,2,1,21,79,0,4,42.9,11,3.8,39.5,10.5,0,
127,Kapri Bibbs,25,2TM,RB,12,0,21,103,3,8,57.1,15,4.9,8.6,1.8,1,
127,Kapri Bibbs,25,WAS,RB,10,0,20,101,3,8,60,15,5.1,10.1,2,1,
127,Kapri Bibbs,25,GNB,RB,2,0,1,2,0,0,0,2,2,1,0.5,0,
128,Brian Hill,23,ATL,RB,10,0,20,157,0,5,45,60,7.9,15.7,2,1,
129,Cameron Artis-Payne,28,CAR,RB,9,0,19,69,1,8,57.9,15,3.6,7.7,2.1,0,
130,Kenjon Barner,29,2TM,RB,9,0,19,71,0,3,57.9,11,3.7,7.9,2.1,1,
130,Kenjon Barner,29,NWE,RB,5,0,19,71,0,3,57.9,11,3.7,14.2,3.8,0,
130,Kenjon Barner,29,CAR,RB,4,0,0,0,0,0,,,,0,0,1,
131,C.J. Beathard,25,SFO,QB,6,5,19,69,1,6,42.1,13,3.6,11.5,3.2,5,
132,Joe Flacco,33,BAL,QB,9,9,19,45,0,10,57.9,13,2.4,5,2.1,3,
133,Cody Kessler,25,JAX,QB,5,4,19,123,0,9,52.6,21,6.5,24.6,3.8,5,
134,Robert Woods,26,LAR,WR,16,16,19,157,1,9,63.2,56,8.3,9.8,1.2,0,
135,Nick Mullens,23,SFO,QB,8,8,18,-16,0,1,5.6,2,-0.9,-2,2.3,2,
136,Philip Rivers,37,LAC,QB,16,16,18,7,0,1,16.7,7,0.4,0.4,1.1,2,PB
137,Andy Dalton,31,CIN,QB,11,11,16,99,0,4,37.5,21,6.2,9,1.5,1,
138,Mike Gillislee,28,NOR,RB,4,0,16,43,0,2,56.3,5,2.7,10.8,4,1,
139,Tyrod Taylor,29,CLE,QB,4,3,16,125,1,6,56.3,24,7.8,31.3,4,3,
140,Eli Manning,37,NYG,QB,16,16,15,20,1,5,46.7,7,1.3,1.3,0.9,7,
141,Devonta Freeman,26,ATL,RB,2,2,14,68,0,2,50,20,4.9,34,7,0,
142,Mark Walton,21,CIN,RB,14,0,14,34,0,5,35.7,10,2.4,2.4,1,0,
143,Chase Daniel,32,CHI,QB,5,2,13,3,0,1,7.7,4,0.2,0.6,2.6,4,
144,Corey Grant,27,JAX,RB,5,1,13,40,0,1,30.8,8,3.1,8,2.6,0,
145,Tyler Lockett,26,SEA,WR,16,14,13,69,0,3,46.2,18,5.3,4.3,0.8,2,
146,D.J. Moore,21,CAR,WR,16,10,13,172,0,6,84.6,32,13.2,10.8,0.8,4,
147,Darrel Williams,23,KAN,RB,6,0,13,44,0,3,53.8,8,3.4,7.3,2.2,0,
148,Mike Boone,23,MIN,RB,8,0,11,47,0,2,36.4,20,4.3,5.9,1.4,0,
149,Teddy Bridgewater,26,NOR,QB,5,1,11,5,0,1,9.1,9,0.5,1,2.2,0,
150,Travaris Cadet,29,CAR,RB,1,0,11,17,0,0,36.4,5,1.5,17,11,0,
151,Benny Cunningham,28,CHI,RB,15,0,11,20,0,0,18.2,6,1.8,1.3,0.7,0,
152,Brian Hoyer,33,NWE,QB,5,0,11,-8,0,1,9.1,2,-0.7,-1.6,2.2,0,
153,Detrez Newsome,24,LAC,RB,9,0,11,49,0,3,45.5,16,4.5,5.4,1.2,0,
154,Brandin Cooks,25,LAR,WR,16,16,10,68,1,5,90,17,6.8,4.3,0.6,1,
155,Stefon Diggs,25,MIN,WR,15,14,10,62,0,3,70,20,6.2,4.1,0.7,0,
156,Colt McCoy,32,WAS,QB,3,2,10,63,0,4,70,15,6.3,21,3.3,1,
157,Isaiah McKenzie,23,BUF,WR,7,1,10,66,2,4,60,15,6.6,9.4,1.4,2,
158,Nathan Peterman,24,BUF,QB,4,2,10,50,1,4,50,24,5,12.5,2.5,0,
159,Keenan Allen,26,LAC,WR,16,14,9,75,0,4,44.4,28,8.3,4.7,0.6,3,PB
160,Alex Armah,24,CAR,FB,16,2,9,15,2,3,44.4,4,1.7,0.9,0.6,0,
161,Julian Edelman,32,NWE,WR,12,12,9,107,0,7,100,20,11.9,8.9,0.8,1,
162,Nick Foles,29,PHI,QB,5,5,9,17,0,6,66.7,4,1.9,3.4,1.8,4,
163,Taylor Gabriel,27,CHI,WR,16,11,9,61,0,3,77.8,20,6.8,3.8,0.6,1,
164,Jeremy Langford,27,ATL,RB,1,0,9,25,0,1,44.4,7,2.8,25,9,0,
165,Zach Line,28,NOR,RB,16,6,9,41,0,6,88.9,9,4.6,2.6,0.6,0,
166,Taquan Mizzell,25,CHI,RB,9,1,9,16,0,0,22.2,7,1.8,1.8,1,0,
167,Dede Westbrook,25,JAX,WR,16,9,9,98,0,5,66.7,43,10.9,6.1,0.6,3,
168,Brandon Bolden,28,MIA,RB,16,0,8,91,2,4,62.5,54,11.4,5.7,0.5,1,
169,Jimmy Garoppolo,27,SFO,QB,3,3,8,33,0,2,62.5,13,4.1,11,2.7,4,
170,Kyle Juszczyk,27,SFO,FB,16,14,8,30,0,2,37.5,12,3.8,1.9,0.5,2,PB
171,Brock Osweiler,28,MIA,QB,7,5,8,21,0,1,12.5,7,2.6,3,1.1,1,
172,Samaje Perine,23,WAS,RB,5,0,8,32,0,2,62.5,11,4,6.4,1.6,0,
173,Curtis Samuel,22,CAR,WR,13,8,8,84,2,3,62.5,33,10.5,6.5,0.6,1,
174,Geno Smith,28,LAC,QB,5,0,8,2,0,0,12.5,9,0.3,0.4,1.6,1,
175,Roc Thomas,23,MIN,RB,5,0,8,30,0,2,50,23,3.8,6,1.6,0,
176,David Williams,24,JAX,RB,6,0,8,36,0,3,37.5,15,4.5,6,1.3,0,
177,Albert Wilson,26,MIA,WR,7,3,8,16,0,2,50,5,2,2.3,1.1,0,
178,Travis Benjamin,29,LAC,WR,12,3,7,41,0,2,42.9,19,5.9,3.4,0.6,0,
179,Jacoby Brissett,26,IND,QB,4,0,7,-7,0,0,0,-1,-1,-1.8,1.8,0,
180,D'Onta Foreman,22,HOU,RB,1,0,7,-1,0,0,0,2,-0.1,-1,7,1,
181,Sean Mannion,26,LAR,QB,3,0,7,-9,0,1,14.3,3,-1.3,-3,2.3,0,
182,Elijhaa Penny,25,NYG,RB,14,3,7,25,0,2,28.6,8,3.6,1.8,0.5,0,
183,Mohamed Sanu,29,ATL,WR,16,16,7,44,0,5,71.4,24,6.3,2.8,0.4,2,
184,Mike Williams,24,LAC,WR,16,5,7,28,1,2,42.9,19,4,1.8,0.4,0,
185,Tavon Austin,28,DAL,WR,7,0,6,55,0,2,66.7,18,9.2,7.9,0.9,0,
186,Jamaal Charles,32,JAX,RB,2,0,6,7,0,0,0,5,1.2,3.5,3,0,
187,Corey Davis,23,TEN,WR,16,16,6,55,0,2,50,39,9.2,3.4,0.4,1,
188,James Develin,30,NWE,FB,16,8,6,8,4,5,83.3,2,1.3,0.5,0.4,0,
189,Blaine Gabbert,29,TEN,QB,8,3,6,0,0,2,33.3,,0,0,0.8,0,
190,C.J. Ham,25,MIN,RB,15,2,6,8,0,1,16.7,5,1.3,0.5,0.4,0,
191,Darius Jackson,25,DAL,RB,2,0,6,16,0,0,16.7,4,2.7,8,3,0,
192,DeSean Jackson,32,TAM,WR,12,10,6,29,1,2,66.7,14,4.8,2.4,0.5,0,
193,Anthony Miller,24,CHI,WR,15,4,6,26,0,0,66.7,9,4.3,1.7,0.4,1,
194,Calvin Ridley,24,ATL,WR,16,5,6,27,0,1,50,9,4.5,1.7,0.4,2,
195,Jonathan Stewart,31,NYG,RB,3,0,6,17,0,0,50,5,2.8,5.7,2,0,
196,Ryan Switzer,24,PIT,WR,16,1,6,21,0,0,16.7,8,3.5,1.3,0.4,2,
197,Brandon Wilds,25,JAX,RB,3,0,6,15,0,0,33.3,5,2.5,5,2,0,
198,Shaun Wilson,23,TAM,RB,5,0,6,29,0,0,50,9,4.8,5.8,1.2,0,
199,Kyle Allen,22,CAR,QB,2,1,5,19,1,2,60,10,3.8,9.5,2.5,0,
200,Odell Beckham Jr.,26,NYG,WR,12,12,5,19,0,2,40,11,3.8,1.6,0.4,2,
201,Taylor Heinicke,25,CAR,QB,6,1,5,31,0,2,40,19,6.2,5.2,0.8,1,
202,DeShone Kizer,22,GNB,QB,3,0,5,39,0,3,80,12,7.8,13,1.7,1,
203,Josh McCown,39,NYJ,QB,4,3,5,32,0,2,80,12,6.4,8,1.3,0,
204,Chris Moore,25,BAL,WR,16,0,5,17,0,1,60,9,3.4,1.1,0.3,0,
205,Adam Thielen,28,MIN,WR,16,16,5,30,0,1,60,15,6,1.9,0.3,1,PB
206,Sammy Watkins,25,KAN,WR,10,9,5,52,0,2,60,31,10.4,5.2,0.5,1,
207,Jamison Crowder,25,WAS,WR,9,7,4,30,0,1,50,25,7.5,3.3,0.4,0,
208,Joshua Dobbs,23,PIT,QB,5,0,4,11,0,2,50,10,2.8,2.2,0.8,0,
209,Phillip Dorsett,25,NWE,WR,16,2,4,29,0,2,50,17,7.3,1.8,0.3,0,
210,David Fluellen,26,TEN,RB,7,0,4,16,0,1,25,13,4,2.3,0.6,0,
211,Marquise Goodwin,28,SFO,WR,11,8,4,9,0,0,50,5,2.3,0.8,0.4,1,
212,Jeremy Hill,26,NWE,RB,1,0,4,25,0,1,75,11,6.3,25,4,0,
213,Robert Kelley,26,WAS,RB,2,0,4,8,0,1,50,6,2,4,2,0,
214,Cooper Kupp,25,LAR,WR,8,8,4,25,0,3,75,12,6.3,3.1,0.5,0,
215,JJ Nelson,26,ARI,WR,14,2,4,0,0,0,50,,0,0,0.3,0,
216,Breshad Perriman,25,CLE,WR,10,2,4,2,0,0,75,7,0.5,0.2,0.4,0,
217,John Ross,23,CIN,WR,13,10,4,9,0,0,25,7,2.3,0.7,0.3,0,
218,Emmanuel Sanders,31,DEN,WR,12,12,4,53,1,2,75,35,13.3,4.4,0.3,1,
219,Robert Turbin,29,IND,RB,2,0,4,10,0,0,50,5,2.5,5,2,1,
220,Derek Watt,26,LAC,FB,16,5,4,11,0,1,50,8,2.8,0.7,0.3,0,
221,Golden Tate,30,2TM,WR,15,7,4,34,0,1,50,30,8.5,2.3,0.3,3,
221,Golden Tate,30,DET,WR,7,4,3,42,0,1,66.7,30,14,6,0.4,1,
221,Golden Tate,30,PHI,WR,8,3,1,-8,0,0,0,30,-8,-1,0.1,2,
222,Nelson Agholor,25,PHI,WR,16,16,3,32,0,2,66.7,16,10.7,2,0.2,1,
223,Matt Barkley,28,BUF,QB,1,1,3,-2,0,0,0,,-0.7,-2,3,0,
224,John Brown,28,BAL,WR,16,15,3,4,0,0,0,3,1.3,0.3,0.2,0,
225,Martavis Bryant,27,OAK,WR,8,2,3,23,0,1,33.3,17,7.7,2.9,0.4,1,
226,Keke Coutee,21,HOU,WR,6,2,3,0,0,0,33.3,,0,0,0.5,0,
227,Eric Ebron,25,IND,TE,16,8,3,-8,1,1,33.3,2,-2.7,-0.5,0.2,1,PB
228,Evan Engram,24,NYG,TE,11,8,3,36,0,3,100,14,12,3.3,0.3,0,
229,Alex Erickson,26,CIN,WR,16,6,3,22,0,1,66.7,14,7.3,1.4,0.2,1,
230,Ted Ginn Jr.,33,NOR,WR,5,3,3,26,0,1,66.7,20,8.7,5.2,0.6,1,
231,Christian Kirk,22,ARI,WR,12,7,3,35,0,2,100,23,11.7,2.9,0.3,0,
232,Jarvis Landry,26,CLE,WR,16,14,3,60,1,2,100,51,20,3.8,0.2,1,PB
233,Tre Madden,25,SEA,RB,14,3,3,3,0,1,33.3,2,1,0.2,0.2,0,
234,Byron Marshall,24,WAS,RB,6,0,3,9,0,0,66.7,4,3,1.5,0.5,0,
235,A.J. McCarron,28,OAK,QB,2,0,3,-2,0,0,0,,-0.7,-1,1.5,1,
236,J.D. McKissic,25,SEA,RB,5,0,3,8,0,0,33.3,6,2.7,1.6,0.6,0,
237,Tim Patrick,25,DEN,WR,16,4,3,17,0,2,66.7,13,5.7,1.1,0.2,2,
238,Seth Roberts,27,OAK,WR,15,7,3,5,0,1,33.3,11,1.7,0.3,0.2,0,
239,Sterling Shepard,25,NYG,WR,16,16,3,33,0,1,66.7,27,11,2.1,0.2,1,
240,Jonathan Williams,24,NOR,RB,3,0,3,0,0,0,0,,0,0,1,0,
241,Maxx Williams,24,BAL,TE,13,6,3,8,0,2,66.7,7,2.7,0.6,0.2,0,
242,Tyler Boyd,24,CIN,WR,14,14,2,3,0,0,50,5,1.5,0.2,0.1,0,
243,Sam Bradford,31,ARI,QB,3,3,2,7,0,1,50,8,3.5,2.3,0.7,3,
244,Antonio Callaway,21,CLE,WR,16,11,2,7,0,1,50,15,3.5,0.4,0.1,1,
245,Matt Cassel,36,DET,QB,2,0,2,13,0,1,50,14,6.5,6.5,1,0,
246,Robbie Chosen,25,NYJ,WR,14,9,2,-8,0,0,0,1,-4,-0.6,0.1,2,
247,Derrick Coleman,28,ARI,RB,16,4,2,3,0,0,0,2,1.5,0.2,0.1,0,
248,Justin Davis,23,LAR,RB,11,0,2,19,0,1,50,19,9.5,1.7,0.2,0,
249,Gerald Everett,24,LAR,TE,16,0,2,16,0,1,100,12,8,1,0.1,0,
250,Clayton Fejedelem,25,CIN,DB,16,1,2,6,0,1,0,6,3,0.4,0.1,1,
251,Marvin Hall,25,ATL,WR,16,0,2,0,0,0,0,,0,0,0.1,0,
252,Dwayne Harris,31,OAK,WR,15,1,2,12,0,1,50,13,6,0.8,0.1,2,
253,Maurice Harris,26,WAS,WR,12,7,2,10,0,1,100,6,5,0.8,0.2,1,
254,De'Angelo Henderson,26,NYJ,RB,3,0,2,19,0,0,100,13,9.5,6.3,0.7,1,
255,Adam Humphries,25,TAM,WR,16,10,2,11,0,0,100,7,5.5,0.7,0.1,2,
256,Andy Janovich,25,DEN,FB,16,7,2,5,0,2,100,3,2.5,0.3,0.1,0,
257,Julio Jones,29,ATL,WR,16,16,2,12,0,1,50,11,6,0.8,0.1,2,"PB,AP-2"
258,Jourdan Lewis,23,DAL,DB,15,1,2,12,0,0,100,7,6,0.8,0.1,0,
259,Tommylee Lewis,26,NOR,WR,7,3,2,10,0,0,50,6,5,1.4,0.3,1,
260,T.J. Logan,24,ARI,FB,10,0,2,2,0,0,0,5,1,0.2,0.2,0,
261,Ray-Ray McCloud,22,BUF,WR,10,1,2,4,0,0,50,7,2,0.4,0.2,2,
262,Jeremy McNichols,23,IND,RB,1,0,2,4,0,1,50,7,2,4,2,0,
263,Christine Michael,28,IND,RB,1,0,2,9,0,0,50,8,4.5,9,2,0,
264,Zach Pascal,24,IND,WR,16,4,2,10,0,0,50,8,5,0.6,0.1,0,
265,Josh Reynolds,23,LAR,WR,16,8,2,8,0,1,50,10,4,0.5,0.1,0,
266,Paul Richardson,26,WAS,WR,7,4,2,9,0,0,50,7,4.5,1.3,0.3,0,
267,Andre Roberts,30,NYJ,WR,16,1,2,20,0,1,50,18,10,1.3,0.1,3,"PB,AP-1"
268,Nate Sudfeld,25,PHI,QB,2,0,2,-2,0,0,0,-1,-1,-1,1,0,
269,Marquez Valdes-Scantling,24,GNB,WR,16,10,2,29,0,2,100,21,14.5,1.8,0.1,0,
270,Charcandrick West,27,KAN,RB,3,0,2,-1,0,1,50,1,-0.5,-0.3,0.7,0,
271,Tyrell Williams,26,LAC,WR,16,10,2,15,0,1,50,14,7.5,0.9,0.1,2,
272,Jarius Wright,29,CAR,WR,16,6,2,39,0,1,100,34,19.5,2.4,0.1,3,
273,Amari Cooper,24,2TM,WR,15,15,2,20,0,1,100,11,10,1.3,0.1,2,PB
273,Amari Cooper,24,OAK,WR,6,6,1,9,0,0,100,9,9,1.5,0.2,0,
273,Amari Cooper,24,DAL,WR,9,9,1,11,0,1,100,11,11,1.2,0.1,2,
274,Ameer Abdullah,25,2TM,RB,10,0,1,1,0,0,0,1,1,0.1,0.1,1,
274,Ameer Abdullah,25,DET,RB,3,0,1,1,0,0,0,1,1,0.3,0.3,1,
274,Ameer Abdullah,25,MIN,RB,7,0,0,0,0,0,,,,0,0,0,
275,Jamal Agnew,23,DET,DB,6,0,1,17,0,1,100,17,17,2.8,0.2,1,
276,Danny Amendola,33,MIA,WR,15,15,1,-2,0,0,0,-2,-2,-0.1,0.1,2,
277,Derek Anderson,35,BUF,QB,2,2,1,-1,0,0,0,-1,-1,-0.5,0.5,3,
278,Cameron Batson,23,TEN,WR,11,2,1,1,0,1,100,1,1,0.1,0.1,1,
279,Nick Bellore,29,DET,FB,14,4,1,0,0,0,0,,0,0,0.1,0,
280,Tommy Bohanon,28,JAX,FB,16,6,1,0,0,0,0,,0,0,0.1,0,
281,Corey Bojorquez,22,BUF,P,8,0,1,0,0,0,0,,0,0,0.1,2,
282,Trey Burton,27,CHI,TE,16,16,1,2,0,1,100,2,2,0.1,0.1,1,
283,Leonte Carroo,24,MIA,WR,9,0,1,14,0,1,0,14,14,1.6,0.1,0,
284,DeAndre Carter,25,2TM,WR,14,4,1,7,0,0,100,7,7,0.5,0.1,5,
284,DeAndre Carter,25,PHI,WR,7,1,0,0,0,0,,,,0,0,1,
284,DeAndre Carter,25,HOU,WR,7,3,1,7,0,0,100,7,7,1,0.1,4,
285,Jehu Chesson,25,WAS,WR,12,0,1,-4,0,0,0,-4,-4,-0.3,0.1,0,
286,Corey Coleman,24,NYG,WR,8,1,1,5,0,0,100,5,5,0.6,0.1,0,
287,Ed Dickson,31,SEA,TE,10,1,1,9,0,1,100,9,9,0.9,0.1,0,
288,Michael Dickson,22,SEA,P,16,0,1,9,0,1,0,9,9,0.6,0.1,0,"PB,AP-1"
289,Patrick DiMarco,29,BUF,FB,16,5,1,9,0,1,100,9,9,0.6,0.1,0,
290,Riley Dixon,25,NYG,P,16,0,1,14,0,1,0,14,14,0.9,0.1,0,
291,Bruce Ellington,27,2TM,WR,7,3,1,2,0,0,0,2,2,0.3,0.1,1,
291,Bruce Ellington,27,HOU,WR,3,1,0,0,0,0,,,,0,0,0,
291,Bruce Ellington,27,DET,WR,4,2,1,2,0,0,0,2,2,0.5,0.3,1,
292,Quincy Enunwa,26,NYJ,WR,11,10,1,0,0,0,0,,0,0,0.1,2,
293,Kenny Golladay,25,DET,WR,15,13,1,8,0,0,100,8,8,0.5,0.1,1,
294,Jakeem Grant,26,MIA,WR,10,2,1,5,0,0,100,5,5,0.5,0.1,0,
295,Raven Greene,23,GNB,DB,8,0,1,26,0,0,0,26,26,3.3,0.1,0,
296,Jeff Heath,27,DAL,SS,16,16,1,3,0,1,0,3,3,0.2,0.1,0,
297,Johnny Hekker,28,LAR,P,16,0,1,3,0,0,0,3,3,0.2,0.1,0,AP-2
298,Chad Henne,33,KAN,QB,1,0,1,3,0,0,0,3,3,3,1,0,
299,Darrius Heyward-Bey,31,PIT,WR,14,2,1,-7,0,0,0,-7,-7,-0.5,0.1,0,
300,Akiem Hicks,29,CHI,LDE,16,16,1,1,1,1,100,1,1,0.1,0.1,0,PB
301,DeAndre Hopkins,26,HOU,WR,16,16,1,-7,0,0,0,-7,-7,-0.4,0.1,2,"PB,AP-1,AP OPoY-3"
302,Hayden Hurst,25,BAL,TE,12,0,1,0,0,0,0,,0,0,0.1,0,
303,Melvin Ingram,29,LAC,RDE,16,16,1,0,0,0,0,,0,0,0.1,1,PB
304,Darius Jennings,26,TEN,WR,16,0,1,2,0,0,0,2,2,0.1,0.1,0,
305,Marcus Johnson,24,IND,WR,5,0,1,-2,0,0,0,-2,-2,-0.4,0.2,0,
306,JJ Jones,26,2TM,WR,4,0,1,0,0,0,0,,0,0,0.3,2,
306,JJ Jones,26,LAC,WR,3,0,1,0,0,0,0,,0,0,0.3,2,
306,JJ Jones,26,NYJ,WR,1,0,0,0,0,0,,,,0,0,0,
307,Zay Jones,23,BUF,WR,16,15,1,0,0,0,0,,0,0,0.1,1,
308,Chad Kelly,24,DEN,QB,1,0,1,-1,0,0,0,-1,-1,-1,1,0,
309,George Kittle,25,SFO,TE,16,16,1,10,0,1,100,10,10,0.6,0.1,0,"PB,AP-2"
310,Kyle Lauletta,23,NYG,QB,2,0,1,-2,0,0,0,-2,-2,-1,0.5,0,
311,Rontez Miles,30,NYJ,DB,8,1,1,4,0,1,0,4,4,0.5,0.1,1,
312,David Moore,23,SEA,WR,16,7,1,5,0,0,100,5,5,0.3,0.1,2,
313,Jordy Nelson,33,OAK,WR,15,14,1,-2,0,0,0,-2,-2,-0.1,0.1,1,
314,Roosevelt Nix,26,PIT,RB,16,0,1,4,0,0,0,4,4,0.3,0.1,0,
315,Niles Paul,29,JAX,WR,6,1,1,-3,0,0,0,-3,-3,-0.5,0.2,0,
316,Dante Pettis,23,SFO,WR,12,7,1,-2,0,0,0,-2,-2,-0.2,0.1,2,
317,Brandon Powell,23,DET,WR,6,1,1,4,0,0,100,4,4,0.7,0.2,0,
318,C.J. Prosise,24,SEA,RB,5,0,1,-3,0,0,0,-3,-3,-0.6,0.2,0,
319,Terrelle Pryor,29,2TM,WR,8,1,1,-1,0,0,0,-1,-1,-0.1,0.1,0,
319,Terrelle Pryor,29,NYJ,WR,6,0,0,0,0,0,,,,0,0,0,
319,Terrelle Pryor,29,BUF,WR,2,1,1,-1,0,0,0,-1,-1,-0.5,0.5,0,
320,Trey Quinn,23,WAS,WR,3,2,1,0,0,0,0,,0,0,0.3,0,
321,Allen Robinson,25,CHI,WR,13,12,1,9,0,0,100,9,9,0.7,0.1,1,
322,Chester Rogers,24,IND,WR,16,10,1,-4,0,0,0,-4,-4,-0.3,0.1,1,
323,Eli Rogers,26,PIT,WR,3,3,1,-4,0,0,0,-4,-4,-1.3,0.3,1,
324,Mark Sanchez,32,WAS,QB,2,1,1,8,0,1,100,8,8,4,0.5,1,
325,Matt Schaub,37,ATL,QB,3,0,1,0,0,0,0,,0,0,0.3,1,
326,Tajae Sharpe,24,TEN,WR,16,13,1,16,0,1,100,16,16,1,0.1,0,
327,Anthony Sherman,30,KAN,RB,16,1,1,2,0,1,100,2,2,0.1,0.1,0,PB
328,Keith Smith,26,OAK,DB,16,3,1,0,0,0,0,,0,0,0.1,0,
329,JuJu Smith-Schuster,22,PIT,WR,16,13,1,13,0,1,100,13,13,0.8,0.1,1,PB
330,Willie Snead,26,BAL,WR,16,10,1,13,0,1,100,13,13,0.8,0.1,0,
331,Equanimeous St. Brown,22,GNB,WR,12,7,1,5,0,0,100,5,5,0.4,0.1,0,
332,Luke Stocker,30,TEN,TE,16,11,1,0,0,0,0,,0,0,0.1,0,
333,Rod Streater,30,CLE,WR,3,0,1,-11,0,0,0,-11,-11,-3.7,0.3,0,
334,Courtland Sutton,23,DEN,WR,16,9,1,-1,0,0,0,-1,-1,-0.1,0.1,0,
335,De'Anthony Thomas,25,KAN,RB,5,0,1,6,0,0,100,6,6,1.2,0.2,1,
336,Johnny Townsend,23,OAK,P,16,0,1,42,0,1,0,42,42,2.6,0.1,0,
337,De'Lance Turner,23,BAL,RB,4,0,1,4,0,0,100,4,4,1,0.3,0,
338,Darren Waller,26,OAK,WR,4,0,1,21,0,1,100,21,21,5.3,0.3,0,
339,Brandon Weeden,35,HOU,QB,1,0,1,-1,0,0,0,-1,-1,-1,1,0,
340,Chad Williams,24,ARI,WR,10,7,1,9,0,0,100,9,9,0.9,0.1,0,
341,Tavon Wilson,28,DET,DB,15,3,1,7,0,1,0,7,7,0.5,0.1,0,
342,Davante Adams,26,GNB,WR,15,15,0,0,0,0,,,,0,0,0,PB
343,Kamar Aiken,29,PHI,WR,5,1,0,0,0,0,,,,0,0,0,
344,Jordan Akins,26,HOU,TE,16,6,0,0,0,0,,,,0,0,0,
345,Mo Alie-Cox,25,IND,TE,9,1,0,0,0,0,,,,0,0,0,
346,Dwayne Allen,28,NWE,TE,13,8,0,0,0,0,,,,0,0,0,
347,Geronimo Allison,24,GNB,WR,5,4,0,0,0,0,,,,0,0,1,
348,Mark Andrews,23,BAL,TE,16,3,0,0,0,0,,,,0,0,0,
349,Dan Arnold,23,NOR,WR,10,1,0,0,0,0,,,,0,0,1,
350,Marcell Ateman,24,OAK,WR,7,6,0,0,0,0,,,,0,0,0,
351,Antony Auclair,25,TAM,TE,16,10,0,0,0,0,,,,0,0,0,
352,Doug Baldwin,30,SEA,WR,13,13,0,0,0,0,,,,0,0,0,
353,Cole Beasley,29,DAL,WR,16,4,0,0,0,0,,,,0,0,0,
354,Chad Beebe,24,MIN,WR,3,0,0,0,0,0,,,,0,0,0,
355,Blake Bell,27,JAX,TE,10,4,0,0,0,0,,,,0,0,0,
356,Josh Bellamy,29,CHI,WR,16,2,0,0,0,0,,,,0,0,0,
357,Kelvin Benjamin,27,2TM,WR,15,10,0,0,0,0,,,,0,0,0,
357,Kelvin Benjamin,27,BUF,WR,12,10,0,0,0,0,,,,0,0,0,
357,Kelvin Benjamin,27,KAN,WR,3,0,0,0,0,0,,,,0,0,0,
358,Victor Bolden,23,SFO,WR,4,0,0,0,0,0,,,,0,0,0,
359,Kendrick Bourne,23,SFO,WR,16,8,0,0,0,0,,,,0,0,1,
360,Nick Boyle,25,BAL,TE,16,13,0,0,0,0,,,,0,0,0,
361,Cameron Brate,27,TAM,TE,16,2,0,0,0,0,,,,0,0,1,
362,Ben Braunecker,24,CHI,TE,15,2,0,0,0,0,,,,0,0,0,
363,Antonio Brown,30,PIT,WR,15,15,0,0,0,0,,,,0,0,0,PB
364,Jaron Brown,28,SEA,WR,16,2,0,0,0,0,,,,0,0,0,
365,Noah Brown,22,DAL,WR,8,2,0,0,0,0,,,,0,0,0,
366,Deontay Burnett,21,NYJ,WR,5,1,0,0,0,0,,,,0,0,0,
367,Michael Burton,26,CHI,RB,8,1,0,0,0,0,,,,0,0,0,
368,Brice Butler,28,2TM,WR,8,1,0,0,0,0,,,,0,0,0,
368,Brice Butler,28,DAL,WR,2,0,0,0,0,0,,,,0,0,0,
368,Brice Butler,28,MIA,WR,6,1,0,0,0,0,,,,0,0,0,
369,Jake Butt,23,DEN,TE,3,3,0,0,0,0,,,,0,0,0,
370,Damiere Byrd,25,CAR,WR,8,0,0,0,0,0,,,,0,0,0,
371,Austin Carr,25,NOR,WR,14,2,0,0,0,0,,,,0,0,0,
372,Derek Carrier,28,OAK,TE,16,2,0,0,0,0,,,,0,0,0,
373,Garrett Celek,30,SFO,TE,15,1,0,0,0,0,,,,0,0,0,
374,DJ Chark,22,JAX,WR,11,0,0,0,0,0,,,,0,0,1,
375,Orson Charles,27,CLE,TE,13,2,0,0,0,0,,,,0,0,0,
376,Charles Clay,29,BUF,TE,13,12,0,0,0,0,,,,0,0,1,
377,Sammie Coates,25,HOU,WR,12,0,0,0,0,0,,,,0,0,0,
378,Randall Cobb,28,GNB,WR,9,6,0,0,0,0,,,,0,0,2,
379,Keelan Cole,25,JAX,WR,16,11,0,0,0,0,,,,0,0,2,
380,Stacy Coley,24,MIN,WR,2,0,0,0,0,0,,,,0,0,0,
381,Tyler Conklin,23,MIN,TE,16,3,0,0,0,0,,,,0,0,0,
382,Chris Conley,26,KAN,WR,16,13,0,0,0,0,,,,0,0,2,
383,Jared Cook,31,OAK,TE,16,14,0,0,0,0,,,,0,0,0,PB
384,Pharoh Cooper,23,LAR,WR,5,0,0,0,0,0,,,,0,0,0,
385,Cody Core,24,CIN,WR,14,3,0,0,0,0,,,,0,0,0,
386,Michael Crabtree,31,BAL,WR,16,16,0,0,0,0,,,,0,0,0,
387,River Cracraft,24,DEN,WR,8,0,0,0,0,0,,,,0,0,1,
388,Jason Croom,24,BUF,TE,15,3,0,0,0,0,,,,0,0,2,
389,Mason Crosby,34,GNB,K,16,0,0,0,0,0,,,,0,0,0,
390,Alan Cross,25,TAM,TE,14,3,0,0,0,0,,,,0,0,0,
391,Dane Cruikshank,23,TEN,DB,12,0,0,0,0,0,,,,0,0,0,
392,Sean Culkin,25,LAC,TE,13,10,0,0,0,0,,,,0,0,0,
393,Jerome Cunningham,27,DET,TE,3,0,0,0,0,0,,,,0,0,0,
394,Darrell Daniels,24,2TM,TE,11,3,0,0,0,0,,,,0,0,0,
394,Darrell Daniels,24,SEA,TE,9,2,0,0,0,0,,,,0,0,0,
394,Darrell Daniels,24,ARI,TE,2,1,0,0,0,0,,,,0,0,0,
395,Geremy Davis,26,LAC,WR,14,0,0,0,0,0,,,,0,0,0,
396,Jawill Davis,23,NYG,WR,7,0,0,0,0,0,,,,0,0,0,
397,Vernon Davis,34,WAS,TE,14,8,0,0,0,0,,,,0,0,0,
398,Dion Dawkins,24,BUF,LT,16,16,0,0,0,0,,,,0,0,0,
399,Taylor Decker,25,DET,LT,16,16,0,0,0,0,,,,0,0,0,
400,A.J. Derby,27,MIA,TE,4,0,0,0,0,0,,,,0,0,0,
401,Seth Devalve,25,CLE,TE,13,4,0,0,0,0,,,,0,0,0,
402,Gehrig Dieter,25,KAN,WR,4,0,0,0,0,0,,,,0,0,0,
403,Will Dissly,22,SEA,TE,4,4,0,0,0,0,,,,0,0,0,
404,Josh Doctson,26,WAS,WR,15,12,0,0,0,0,,,,0,0,0,
405,Jack Doyle,28,IND,TE,6,6,0,0,0,0,,,,0,0,1,
406,Ross Dwelley,23,SFO,TE,11,0,0,0,0,0,,,,0,0,0,
407,Tyler Eifert,28,CIN,TE,4,2,0,0,0,0,,,,0,0,0,
408,Rhett Ellison,30,NYG,TE,14,12,0,0,0,0,,,,0,0,0,
409,Zach Ertz,28,PHI,TE,16,16,0,0,0,0,,,,0,0,1,PB
410,Tyler Ervin,25,HOU,RB,9,0,0,0,0,0,,,,0,0,1,
411,Mike Evans,25,TAM,WR,16,16,0,0,0,0,,,,0,0,2,PB
412,George Fant,26,SEA,T,16,7,0,0,0,0,,,,0,0,0,
413,Darren Fells,32,CLE,TE,16,11,0,0,0,0,,,,0,0,0,
414,Anthony Firkser,23,TEN,FB,12,0,0,0,0,0,,,,0,0,0,
415,Larry Fitzgerald,35,ARI,WR,16,16,0,0,0,0,,,,0,0,0,
416,Matt Flanagan,23,WAS,TE,3,1,0,0,0,0,,,,0,0,0,
417,Michael Floyd,29,WAS,WR,13,3,0,0,0,0,,,,0,0,0,
418,Isaiah Ford,22,MIA,WR,1,0,0,0,0,0,,,,0,0,0,
419,Robert Foster,24,BUF,WR,13,3,0,0,0,0,,,,0,0,0,
420,Bennie Fowler,27,NYG,WR,10,5,0,0,0,0,,,,0,0,1,
421,Jordan Franks,22,CIN,TE,6,0,0,0,0,0,,,,0,0,0,
422,Will Fuller,24,HOU,WR,7,7,0,0,0,0,,,,0,0,0,
423,Devin Funchess,24,CAR,WR,14,12,0,0,0,0,,,,0,0,0,
424,Russell Gage,22,ATL,WR,15,0,0,0,0,0,,,,0,0,0,
425,Michael Gallup,22,DAL,WR,16,8,0,0,0,0,,,,0,0,0,
426,Pierre Garcon,32,SFO,WR,8,8,0,0,0,0,,,,0,0,0,
427,Antonio Gates,38,LAC,TE,16,1,0,0,0,0,,,,0,0,1,
428,Rico Gathers,24,DAL,TE,15,4,0,0,0,0,,,,0,0,0,
429,Mike Gesicki,23,MIA,TE,16,7,0,0,0,0,,,,0,0,1,
430,Shelton Gibson,24,PHI,WR,15,0,0,0,0,0,,,,0,0,0,
431,Chris Godwin,22,TAM,WR,16,5,0,0,0,0,,,,0,0,4,
432,Dallas Goedert,23,PHI,TE,16,8,0,0,0,0,,,,0,0,0,
433,Josh Gordon,27,2TM,WR,12,12,0,0,0,0,,,,0,0,0,
433,Josh Gordon,27,CLE,WR,1,1,0,0,0,0,,,,0,0,0,
433,Josh Gordon,27,NWE,WR,11,11,0,0,0,0,,,,0,0,0,
434,Jimmy Graham,32,GNB,TE,16,12,0,0,0,0,,,,0,0,0,
435,Ryan Grant,28,IND,WR,14,10,0,0,0,0,,,,0,0,0,
436,A.J. Green,30,CIN,WR,9,9,0,0,0,0,,,,0,0,2,
437,Virgil Green,30,LAC,TE,16,16,0,0,0,0,,,,0,0,0,
438,Rashad Greene,26,JAX,WR,8,1,0,0,0,0,,,,0,0,2,
439,Jermaine Gresham,30,ARI,TE,13,11,0,0,0,0,,,,0,0,1,
440,Ryan Griffin,28,HOU,TE,14,11,0,0,0,0,,,,0,0,0,
441,Xavier Grimble,26,PIT,TE,16,2,0,0,0,0,,,,0,0,1,
442,David Grinnage,24,JAX,TE,4,2,0,0,0,0,,,,0,0,0,
443,Rob Gronkowski,29,NWE,TE,13,11,0,0,0,0,,,,0,0,1,
444,DaeSean Hamilton,23,DEN,WR,14,5,0,0,0,0,,,,0,0,0,
445,Justin Hardee,24,NOR,WR,16,0,0,0,0,0,,,,0,0,0,
446,Justin Hardy,27,ATL,WR,16,0,0,0,0,0,,,,0,0,1,
447,Demetrius Harris,27,KAN,TE,15,3,0,0,0,0,,,,0,0,0,
448,Keon Hatcher,24,OAK,WR,3,0,0,0,0,0,,,,0,0,0,
449,Stephen Hauschka,33,BUF,K,16,0,0,0,0,0,,,,0,0,0,
450,Chris Herndon,22,NYJ,TE,16,12,0,0,0,0,,,,0,0,2,
451,Jeff Heuerman,26,DEN,TE,11,10,0,0,0,0,,,,0,0,0,
452,Ryan Hewitt,27,IND,TE,12,2,0,0,0,0,,,,0,0,0,
453,Tyler Higbee,25,LAR,TE,16,16,0,0,0,0,,,,0,0,1,
454,Rashard Higgins,24,CLE,WR,13,1,0,0,0,0,,,,0,0,2,
455,Josh Hill,28,NOR,TE,16,11,0,0,0,0,,,,0,0,0,
456,Dontrell Hilliard,23,CLE,RB,11,0,0,0,0,0,,,,0,0,0,
457,T.Y. Hilton,29,IND,WR,14,14,0,0,0,0,,,,0,0,0,
458,KhaDarel Hodge,23,LAR,WR,14,0,0,0,0,0,,,,0,0,0,
459,Chris Hogan,31,NWE,WR,16,7,0,0,0,0,,,,0,0,0,
460,Jacob Hollister,25,NWE,TE,8,1,0,0,0,0,,,,0,0,0,
461,Andre Holmes,30,2TM,WR,15,3,0,0,0,0,,,,0,0,0,
461,Andre Holmes,30,BUF,WR,12,3,0,0,0,0,,,,0,0,0,
461,Andre Holmes,30,DEN,WR,3,0,0,0,0,0,,,,0,0,0,
462,Johnny Holton,28,OAK,WR,1,0,0,0,0,0,,,,0,0,0,
463,Austin Hooper,24,ATL,TE,16,7,0,0,0,0,,,,0,0,0,PB
464,O.J. Howard,24,TAM,TE,10,8,0,0,0,0,,,,0,0,0,
465,Sam Hubbard,23,CIN,DE,16,0,0,0,0,0,,,,0,0,0,
