,,,,,,,Misc,,,Approx Val,,,Passing,,,,,Rushing,,,Receiving,,,,,,,
Rnd,Pick,Tm,Player,Pos,Age,To,AP1,PB,St,wAV,DrAV,G,Cmp,Att,Yds,TD,Int,Att,Yds,TD,Rec,Yds,TD,Solo,Int,Sk,College/Univ,
1,1,JAX,Travon Walker,DE,21,2025,0,0,3,26,26,63,0,0,0,0,0,0,0,0,0,0,0,101,1,27.5,Georgia,College Stats
1,2,DET,Aidan Hutchinson,DE,22,2025,0,2,2,31,31,56,0,0,0,0,0,0,0,0,0,0,0,118,5,43,Michigan,College Stats
1,3,HOU,Derek Stingley Jr.,CB,21,2025,2,2,3,37,37,54,0,0,0,0,0,0,0,0,0,0,0,126,15,1,LSU,College Stats
1,4,NYJ,Sauce Gardner,CB,22,2025,2,2,3,33,32,59,0,0,0,0,0,0,0,0,0,0,0,156,3,1,Cincinnati,College Stats
1,5,NYG,Kayvon Thibodeaux,DE,21,2025,0,0,2,24,24,53,0,0,0,0,0,0,0,0,0,0,0,86,,23.5,Oregon,College Stats
1,6,CAR,Ikem Ekwonu,T,21,2025,0,0,3,25,25,64,0,0,0,0,0,0,0,0,0,0,0,,,,North Carolina St.,College Stats
1,7,NYG,Evan Neal,OL,21,2024,0,0,1,11,11,29,0,0,0,0,0,0,0,0,0,0,0,1,,,Alabama,College Stats
1,8,ATL,Drake London,WR,21,2025,0,0,3,32,32,62,1,1,22,0,0,1,-3,0,309,3961,22,2,,,USC,College Stats
1,9,SEA,Charles Cross,OL,21,2025,0,0,3,28,28,62,0,0,0,0,0,0,0,0,0,0,0,,,,Mississippi St.,College Stats
1,10,NYJ,Garrett Wilson,WR,22,2025,0,0,3,27,27,58,0,2,0,0,0,10,9,0,315,3644,18,1,,,Ohio St.,College Stats
1,11,NOR,Chris Olave,WR,22,2025,0,0,3,27,27,55,0,1,0,0,1,2,4,0,291,3728,19,3,,,Ohio St.,College Stats
1,12,DET,Jameson Williams,WR,21,2025,0,0,1,26,26,50,0,0,0,0,0,21,142,2,148,2513,17,,,,Alabama,College Stats
1,13,PHI,Jordan Davis,DT,22,2025,0,0,2,24,24,64,0,0,0,0,0,0,0,0,0,0,0,75,,8,Georgia,College Stats
1,14,BAL,Kyle Hamilton,S,21,2025,2,3,2,31,31,64,0,0,0,0,0,0,0,0,0,0,0,245,5,8,Notre Dame,College Stats
1,15,HOU,Kenyon Green,OL,21,2024,0,0,2,8,8,27,0,0,0,0,0,0,0,0,0,0,0,,,,Texas A&M,College Stats
1,16,WAS,Jahan Dotson,WR,22,2025,0,0,2,12,8,63,0,0,0,0,0,3,6,0,121,1519,12,2,,,Penn St.,College Stats
1,17,LAC,Zion Johnson,G,22,2025,0,0,3,25,25,66,0,0,0,0,0,0,0,0,0,0,0,,,,Boston Col.,College Stats
1,18,TEN,Treylon Burks,WR,22,2025,0,0,1,7,6,35,0,0,0,0,0,11,66,0,63,829,2,,,,Arkansas,College Stats
1,19,NOR,Trevor Penning,T,23,2025,0,0,1,15,13,53,0,0,0,0,0,0,0,0,0,0,0,,,,Northern Iowa,
1,20,PIT,Kenny Pickett,QB,24,2025,0,0,2,14,13,36,499,800,4953,16,16,111,328,5,0,0,0,2,,,Pittsburgh,College Stats
1,21,KAN,Trent McDuffie,CB,21,2025,1,0,3,33,33,56,0,0,0,0,0,0,0,0,0,0,0,178,3,5.5,Washington,College Stats
1,22,GNB,Quay Walker,LB,22,2025,0,0,3,22,22,58,0,0,0,0,0,0,0,0,0,0,0,264,1,9,Georgia,College Stats
1,23,BUF,Kaiir Elam,CB,21,2025,0,0,0,9,6,43,0,0,0,0,0,0,0,0,0,0,0,78,2,,Florida,College Stats
1,24,DAL,Tyler Smith,OL,21,2025,0,3,3,34,34,63,0,0,0,0,0,0,0,0,1,0,0,1,,,Tulsa,College Stats
1,25,BAL,Tyler Linderbaum,OL,22,2025,0,3,3,34,34,66,0,0,0,0,0,0,0,0,0,0,0,,,,Iowa,College Stats
1,26,NYJ,Jermaine Johnson II,LB,23,2025,0,1,1,19,19,47,0,0,0,0,0,0,0,0,0,0,0,80,1,13,Florida St.,College Stats
1,27,JAX,Devin Lloyd,LB,23,2025,0,0,3,35,35,63,0,0,0,0,0,0,0,0,0,0,0,230,9,3.5,Utah,College Stats
1,28,GNB,Devonte Wyatt,DT,24,2025,0,0,0,10,10,57,0,0,0,0,0,0,0,0,0,0,0,58,,16,Georgia,College Stats
1,29,NWE,Cole Strange,OL,24,2025,0,0,2,15,11,44,0,0,0,0,0,0,0,0,0,3,0,1,,,Chattanooga,
1,30,KAN,George Karlaftis III,DE,21,2025,0,0,3,27,27,65,0,0,0,0,0,0,0,0,0,0,0,93,,30.5,Purdue,College Stats
1,31,CIN,Daxton Hill,DB,21,2025,0,0,1,13,13,54,0,0,0,0,0,0,0,0,0,0,0,160,3,2.5,Michigan,College Stats
1,32,MIN,Lewis Cine,DB,22,2024,0,0,0,0,0,11,0,0,0,0,0,0,0,0,0,0,0,,,,Georgia,College Stats
2,33,TAM,Logan Hall,DE,22,2025,0,0,1,19,19,66,0,0,0,0,0,0,0,0,0,0,0,53,,10,Houston,College Stats
2,34,GNB,Christian Watson,WR,23,2025,0,0,3,22,22,48,0,0,0,0,0,16,117,2,133,2264,20,,,,North Dakota St.,
2,35,TEN,Roger McCreary,CB,22,2025,0,0,2,13,13,61,0,0,0,0,0,0,0,0,0,0,0,198,3,4,Auburn,College Stats
2,36,NYJ,Breece Hall,RB,21,2025,0,0,2,28,28,56,1,1,4,1,0,755,3398,18,188,1642,9,1,,,Iowa St.,College Stats
2,37,HOU,Jalen Pitre,S,23,2025,0,0,3,22,22,58,0,0,0,0,0,0,0,0,0,0,0,244,10,1,Baylor,College Stats
2,38,ATL,Arnold Ebiketie,DE,23,2025,0,0,0,10,10,67,0,0,0,0,0,0,0,0,0,0,0,80,,16.5,Penn St.,College Stats
2,39,CHI,Kyler Gordon,CB,22,2025,0,0,2,12,12,45,0,0,0,0,0,0,0,0,0,0,0,152,5,2.5,Washington,College Stats
2,40,SEA,Boye Mafe,DE,23,2025,0,0,1,16,16,65,0,0,0,0,0,0,0,0,0,0,0,99,,20,Minnesota,College Stats
2,41,SEA,Kenneth Walker III,RB,21,2025,0,0,3,28,28,58,0,0,0,0,0,821,3555,29,133,1005,2,1,,,Michigan St.,College Stats
2,42,MIN,Andrew Booth,CB,21,2024,0,0,0,3,2,30,0,0,0,0,0,0,0,0,0,0,0,29,,,Clemson,College Stats
2,43,NYG,Wan'Dale Robinson,WR,21,2025,0,0,0,20,20,54,0,0,0,0,0,17,109,1,268,2465,9,,,,Kentucky,College Stats
2,44,HOU,John Metchie,WR,22,2025,0,0,0,5,3,45,0,0,0,0,0,4,-1,0,73,686,3,2,,,Alabama,College Stats
2,45,BAL,David Ojabo,LB,22,2025,0,0,0,3,3,32,0,0,0,0,0,0,0,0,0,0,0,18,,4.5,Michigan,College Stats
2,46,DET,Josh Paschal,DE,22,2024,0,0,0,9,9,36,0,0,0,0,0,0,0,0,0,0,0,42,,5,Kentucky,College Stats
2,47,WAS,Phidarian Mathis,DT,24,2025,0,0,0,2,2,29,0,0,0,0,0,0,0,0,0,0,0,14,,,Alabama,College Stats
2,48,CHI,Jaquan Brisker,S,23,2025,0,0,2,15,15,52,0,0,0,0,0,0,0,0,0,0,0,214,4,7,Penn St.,College Stats
2,49,NOR,Alontae Taylor,DB,23,2025,0,0,3,20,20,64,0,0,0,0,0,0,0,0,0,0,0,215,4,7,Tennessee,College Stats
2,50,NWE,Tyquan Thornton,WR,21,2025,0,0,1,7,3,42,0,0,0,0,0,6,67,1,58,823,5,2,,,Baylor,College Stats
2,51,PHI,Cam Jurgens,OL,23,2025,0,2,2,20,20,58,0,0,0,0,0,0,0,0,0,0,0,,,,Nebraska,College Stats
2,52,PIT,George Pickens,WR,21,2025,0,1,3,36,23,65,0,0,0,0,0,8,36,1,267,4270,21,1,,,Georgia,College Stats
2,53,IND,Alec Pierce,WR,22,2025,0,0,3,26,26,64,0,0,0,0,0,0,0,0,157,2934,17,,,,Cincinnati,College Stats
2,54,KAN,Skyy Moore,WR,21,2025,0,0,0,5,4,53,0,0,0,0,0,8,58,0,48,581,1,1,,,Western Michigan,College Stats
2,55,ARI,Trey McBride,TE,22,2025,1,2,3,29,29,66,0,0,0,0,0,1,2,1,347,3475,17,7,,,Colorado St.,College Stats
2,56,DAL,Sam Williams,DE,23,2025,0,0,0,7,7,49,0,0,0,0,0,0,0,0,0,0,0,53,,9.5,Mississippi,College Stats
2,57,TAM,Luke Goedeke,OL,23,2025,0,0,2,22,22,52,0,0,0,0,0,0,0,0,0,0,0,1,,,Central Michigan,College Stats
2,58,ATL,Troy Andersen,LB,23,2024,0,0,0,6,6,26,0,0,0,0,0,0,0,0,0,0,0,75,1,0.5,Montana St.,
2,59,MIN,Ed Ingram,G,23,2025,0,0,3,21,16,62,0,0,0,0,0,0,0,0,0,0,0,1,,,LSU,College Stats
2,60,CIN,Cam Taylor-Britt,CB,22,2025,0,0,3,15,15,47,0,0,0,0,0,0,0,0,0,0,0,151,7,0.5,Nebraska,College Stats
2,61,SFO,Drake Jackson,OLB,21,2025,0,0,0,3,3,26,0,0,0,0,0,0,0,0,0,0,0,13,1,6,USC,College Stats
2,62,KAN,Bryan Cook,S,23,2025,0,0,2,18,18,62,0,0,0,0,0,0,0,0,0,0,0,153,3,1,Cincinnati,College Stats
2,63,BUF,James Cook,RB,22,2025,0,3,2,43,43,66,0,0,0,0,0,842,4259,32,130,1174,9,1,,,Georgia,College Stats
2,64,DEN,Nik Bonitto,OLB,22,2025,0,2,1,32,32,64,0,0,0,0,0,0,0,0,0,0,0,93,1,37,Oklahoma,College Stats
3,65,JAX,Luke Fortner,G,24,2025,0,0,2,19,16,68,0,0,0,0,0,0,0,0,0,0,0,,,,Kentucky,College Stats
3,66,MIN,Brian Asamoah,LB,22,2025,0,0,0,3,3,50,0,0,0,0,0,0,0,0,0,0,0,17,,,Oklahoma,College Stats
3,67,NYG,Joshua Ezeudu,OL,22,2024,0,0,0,5,5,33,0,0,0,0,0,0,0,0,0,0,0,,,,North Carolina,College Stats
3,68,CLE,Martin Emerson,CB,21,2024,0,0,2,13,13,50,0,0,0,0,0,0,0,0,0,0,0,158,4,1,Mississippi St.,College Stats
3,69,TEN,Nicholas Petit-Frere,T,22,2024,0,0,1,11,11,34,0,0,0,0,0,0,0,0,0,0,0,1,,,Ohio St.,College Stats
3,70,JAX,Chad Muma,LB,23,2025,0,0,0,6,6,58,0,0,0,0,0,0,0,0,0,0,0,52,,1.5,Wyoming,College Stats
3,71,CHI,Velus Jones Jr.,WR,25,2025,0,0,0,3,3,37,0,0,0,0,0,24,197,1,12,135,1,2,,,Tennessee,College Stats
3,72,SEA,Abraham Lucas,OL,23,2025,0,0,1,22,22,46,0,0,0,0,0,0,0,0,0,0,0,1,,,Washington St.,College Stats
3,73,IND,Jelani Woods,TE,23,2025,0,0,0,2,2,19,0,0,0,0,0,0,0,0,26,316,3,1,,,Virginia,College Stats
3,74,ATL,Desmond Ridder,QB,23,2024,0,0,1,13,12,25,374,588,4002,16,14,78,293,5,1,-6,0,,,,Cincinnati,College Stats
3,75,HOU,Christian Harris,LB,21,2025,0,0,2,14,14,46,0,0,0,0,0,0,0,0,0,0,0,129,1,4,Alabama,College Stats
3,76,BAL,Travis Jones,DT,22,2025,0,0,1,15,15,65,0,0,0,0,0,0,0,0,0,0,0,76,,8.5,Connecticut,College Stats
3,77,IND,Bernhard Raimann,OL,24,2025,0,0,3,25,25,61,0,0,0,0,0,0,0,0,0,0,0,,,,Central Michigan,College Stats
3,78,CLE,Alex Wright,DE,22,2025,0,0,0,11,11,51,0,0,0,0,0,0,0,0,0,0,0,55,,11.5,Ala-Birmingham,College Stats
3,79,LAC,JT Woods,S,22,2023,0,0,0,1,1,13,0,0,0,0,0,0,0,0,0,0,0,7,,,Baylor,College Stats
3,80,DEN,Greg Dulcich,TE,22,2025,0,0,0,6,3,31,0,0,0,0,0,1,-7,0,67,799,3,,,,UCLA,College Stats
3,81,NYG,Cordale Flott,CB,21,2025,0,0,1,12,12,53,0,0,0,0,0,0,0,0,0,0,0,103,3,,LSU,College Stats
3,82,ATL,DeAngelo Malone,DE,23,2025,0,0,0,4,4,58,0,0,0,0,0,0,0,0,0,0,0,32,1,3,Western Kentucky,College Stats
3,83,PHI,Nakobe Dean,LB,21,2025,0,0,1,14,14,47,0,0,0,0,0,0,0,0,0,0,0,141,1,7.5,Georgia,College Stats
3,84,PIT,DeMarvin Leal,DT,22,2025,0,0,0,4,4,32,0,0,0,0,0,0,0,0,0,0,0,21,,1,Texas A&M,College Stats
3,85,NWE,Marcus Jones,CB,23,2025,1,0,1,26,26,48,0,0,0,0,0,1,5,0,5,96,1,133,6,2,Houston,College Stats
3,86,TEN,Malik Willis,QB,23,2025,0,0,0,6,1,22,105,155,1322,6,3,74,405,4,0,0,0,1,,,Liberty,College Stats
3,87,ARI,Cameron Thomas,DE,22,2025,0,0,0,4,3,58,0,0,0,0,0,0,0,0,0,0,0,33,,6.5,San Diego St.,College Stats
3,88,DAL,Jalen Tolbert,WR,23,2025,0,0,1,9,9,55,0,0,0,0,0,0,0,0,91,1093,10,4,,,South Alabama,College Stats
3,89,BUF,Terrel Bernard,LB,23,2025,0,0,2,25,25,58,0,0,0,0,0,0,0,0,0,0,0,194,6,7.5,Baylor,College Stats
3,90,LVR,Dylan Parham,OL,23,2025,0,0,3,20,20,64,0,0,0,0,0,0,0,0,0,0,0,1,,,Memphis,College Stats
3,91,TAM,Rachaad White,RB,23,2025,0,0,2,26,26,67,0,0,0,0,0,677,2656,14,205,1450,11,4,,,Arizona St.,College Stats
3,92,GNB,Sean Rhyan,OL,21,2025,0,0,1,16,16,47,0,0,0,0,0,0,0,0,0,0,0,,,,UCLA,College Stats
3,93,SFO,Tyrion Davis-Price,RB,21,2024,0,0,0,1,1,8,0,0,0,0,0,43,127,0,0,0,0,,,,LSU,College Stats
3,94,CAR,Matt Corral,QB,23,,0,0,0,,,,,,,,,,,,,,,,,,Mississippi,College Stats
3,95,CIN,Zachary Carter,DE,23,2025,0,0,1,10,9,49,0,0,0,0,0,0,0,0,0,0,0,33,,2,Florida,College Stats
3,96,IND,Nick Cross,DB,20,2025,0,0,1,15,15,67,0,0,0,0,0,0,0,0,0,0,0,194,5,3.5,Maryland,College Stats
3,97,DET,Kerby Joseph,DB,21,2025,1,0,3,26,26,55,0,0,0,0,0,0,0,0,0,0,0,196,20,,Illinois,College Stats
3,98,WAS,Brian Robinson Jr.,RB,23,2025,0,0,3,19,16,58,0,0,0,0,0,662,2729,17,73,612,5,1,,,Alabama,College Stats
3,99,CLE,David Bell,WR,21,2024,0,0,0,3,3,32,0,0,0,0,0,0,0,0,41,408,3,1,,,Purdue,College Stats
3,100,ARI,Myjai Sanders,DE,24,2023,0,0,0,3,2,20,0,0,0,0,0,0,0,0,0,0,0,21,,3,Cincinnati,College Stats
3,101,NYJ,Jeremy Ruckert,TE,22,2025,0,0,1,4,4,58,0,0,0,0,0,0,0,0,58,443,1,3,,,Ohio St.,College Stats
3,102,MIA,Channing Tindall,LB,22,2025,0,0,0,3,3,51,0,0,0,0,0,0,0,0,0,0,0,12,,,Georgia,College Stats
3,103,KAN,Leo Chenal,LB,21,2025,0,0,2,20,20,65,0,0,0,0,0,0,0,0,0,0,0,124,1,7,Wisconsin,College Stats
3,104,LAR,Logan Bruss,OL,23,2024,0,0,0,2,2,11,0,0,0,0,0,0,0,0,0,0,0,,,,Wisconsin,College Stats
3,105,SFO,Danny Gray,WR,23,2022,0,0,0,0,0,13,0,0,0,0,0,1,9,0,1,10,0,,,,SMU,College Stats
4,106,TAM,Cade Otton,TE,23,2025,0,0,3,17,17,63,0,0,0,0,0,1,-4,0,207,2018,11,5,,,Washington,College Stats
4,107,HOU,Dameon Pierce,RB,22,2025,0,0,1,12,12,43,0,0,0,0,0,419,1684,8,45,268,1,1,,,Florida,College Stats
4,108,CLE,Perrion Winfrey,DT,22,2025,0,0,0,1,1,15,0,0,0,0,0,0,0,0,0,0,0,9,,0.5,Oklahoma,College Stats
4,109,SEA,Coby Bryant,CB,23,2025,0,0,0,13,13,58,0,0,0,0,0,0,0,0,0,0,0,153,7,2,Cincinnati,College Stats
4,110,BAL,Daniel Faalele,T,22,2025,0,0,1,18,18,66,0,0,0,0,0,0,0,0,0,0,0,,,,Minnesota,College Stats
4,111,NYJ,Max Mitchell,T,22,2025,0,0,0,7,7,45,0,0,0,0,0,0,0,0,0,0,0,,,,Louisiana,College Stats
4,112,NYG,Daniel Bellinger,TE,21,2025,0,0,2,9,9,62,0,0,0,0,0,1,2,1,88,934,4,2,,,San Diego St.,College Stats
4,113,WAS,Percy Butler,S,22,2025,0,0,1,7,7,63,0,0,0,0,0,0,0,0,0,0,0,81,,,Louisiana,College Stats
4,114,NYG,Dane Belton,DB,21,2025,0,0,0,10,10,66,0,0,0,0,0,1,10,0,0,0,0,134,6,4,Iowa,College Stats
4,115,DEN,Damarri Mathis,DB,23,2024,0,0,1,7,7,43,0,0,0,0,0,0,0,0,0,0,0,81,,,Pittsburgh,College Stats
4,116,DEN,Eyioma Uwazurike,DE,24,2025,0,0,0,3,3,29,0,0,0,0,0,0,0,0,0,0,0,30,,4,Iowa St.,College Stats
4,117,NYJ,Micheal Clemons,DT,25,2025,0,0,1,13,13,65,0,0,0,0,0,0,0,0,0,0,0,63,,8.5,Texas A&M,College Stats
4,118,MIN,Akayleb Evans,DB,23,2025,0,0,1,7,6,50,0,0,0,0,0,0,0,0,0,0,0,78,1,,Missouri,College Stats
4,119,BAL,Jalyn Armour-Davis,DB,23,2025,0,0,0,5,2,30,0,0,0,0,0,0,0,0,0,0,0,30,,,Alabama,College Stats
4,120,CAR,Brandon Smith,LB,21,2023,0,0,0,1,1,14,0,0,0,0,0,0,0,0,0,0,0,6,,,Penn St.,College Stats
4,121,NWE,Jack Jones,DB,24,2025,0,0,1,15,2,59,0,0,0,0,0,0,0,0,0,0,0,154,8,,Arizona St.,College Stats
4,122,LVR,Zamir White,RB,22,2025,0,0,0,5,5,45,0,0,0,0,0,198,736,2,25,152,0,1,,,Georgia,College Stats
4,123,LAC,Isaiah Spiller,RB,21,2023,0,0,0,1,1,15,0,0,0,0,0,55,137,0,9,47,0,,,,Texas A&M,College Stats
4,124,CLE,Cade York,K,21,2024,0,0,1,1,1,23,0,0,0,0,0,0,0,0,0,0,0,1,,,LSU,College Stats
4,125,MIA,Erik Ezukanma,WR,22,2024,0,0,0,0,0,5,0,0,0,0,0,5,22,0,1,3,0,,,,Texas Tech,College Stats
4,126,LVR,Neil Farrell,DT,23,2024,0,0,0,2,1,19,0,0,0,0,0,0,0,0,0,0,0,5,,,LSU,College Stats
4,127,NWE,Pierre Strong,RB,23,2024,0,0,0,4,1,46,0,0,0,0,0,99,499,2,26,193,0,14,,,South Dakota St.,
4,128,BAL,Charlie Kolar,TE,23,2025,0,0,0,4,4,47,0,0,0,0,0,1,2,0,30,409,4,6,,,Iowa St.,College Stats
4,129,DAL,Jake Ferguson,TE,23,2025,0,1,2,19,19,64,0,0,0,0,0,1,1,0,231,2029,15,1,,,Wisconsin,College Stats
4,130,BAL,Jordan Stout,P,24,2025,1,1,2,8,8,68,0,0,0,0,0,0,0,0,0,0,0,3,,,Penn St.,College Stats
4,131,TEN,Hassan Haskins,RB,22,2025,0,0,0,2,1,44,0,0,0,0,0,76,229,2,18,119,1,16,,,Michigan,College Stats
4,132,GNB,Romeo Doubs,WR,22,2025,0,0,2,23,23,59,0,0,0,0,0,1,11,0,202,2424,21,,,,Nevada,College Stats
4,133,TAM,Jake Camarda,P,23,2024,0,0,2,8,8,38,0,0,0,0,0,0,0,0,0,0,0,6,,,Georgia,College Stats
4,134,SFO,Spencer Burford,OL,22,2025,0,0,2,17,17,56,0,0,0,0,0,0,0,0,0,0,0,1,,,Texas-San Antonio,College Stats
4,135,KAN,Joshua Williams,CB,22,2025,0,0,0,6,6,65,0,0,0,0,0,0,0,0,0,0,0,66,1,1,Fayetteville St.,
4,136,CIN,Cordell Volson,T,24,2024,0,0,3,22,22,50,0,0,0,0,0,0,0,0,0,0,0,,,,North Dakota St.,
4,137,NWE,Bailey Zappe,QB,23,2024,0,0,0,2,2,15,208,335,2223,12,14,29,85,1,1,-6,0,,,,Western Kentucky,College Stats
4,138,PIT,Calvin Austin III,WR,23,2025,0,0,0,12,12,48,0,0,0,0,0,11,57,1,84,1100,8,,,,Memphis,College Stats
4,139,BAL,Isaiah Likely,TE,22,2025,0,0,1,15,15,63,0,0,0,0,0,0,0,0,135,1568,15,4,,,Coastal Carolina,College Stats
4,140,GNB,Zach Tom,OL,23,2025,0,0,2,26,26,55,0,0,0,0,0,0,0,0,0,0,0,1,,,Wake Forest,College Stats
4,141,BAL,Damarion Williams,CB,24,2023,0,0,0,1,1,15,0,0,0,0,0,0,0,0,0,0,0,15,,,Houston,College Stats
4,142,LAR,Cobie Durant,DB,24,2025,0,0,2,16,16,61,0,0,0,0,0,0,0,0,0,0,0,96,7,2,South Carolina St.,
4,143,TEN,Chigoziem Okonkwo,TE,22,2025,0,0,1,16,16,68,0,0,0,0,0,6,25,0,194,2017,8,8,,,Maryland,College Stats
5,144,WAS,Sam Howell,QB,21,2024,0,0,1,12,12,20,404,645,4139,22,23,54,300,6,1,4,0,,,,North Carolina,College Stats
5,145,KAN,Darian Kinnard,T,22,2025,0,0,0,3,0,20,0,0,0,0,0,0,0,0,0,0,0,,,,Kentucky,College Stats
5,146,NYG,Micah McFadden,LB,22,2025,0,0,2,18,18,48,0,0,0,0,0,0,0,0,0,0,0,161,1,6,Indiana,College Stats
5,147,NYG,D.J. Davidson,DT,22,2025,0,0,0,5,5,47,0,0,0,0,0,0,0,0,0,0,0,26,,2.5,Arizona St.,College Stats
5,148,BUF,Khalil Shakir,WR,22,2025,0,0,2,25,25,62,0,0,0,0,0,4,19,0,197,2312,11,1,,,Boise St.,College Stats
5,149,WAS,Cole Turner,TE,22,2025,0,0,0,1,1,23,0,0,0,0,0,0,0,0,13,143,0,1,,,Nevada,College Stats
5,150,HOU,Thomas Booker,DE,22,2025,0,0,0,8,1,44,0,0,0,0,0,0,0,0,0,0,0,35,,1.5,Stanford,College Stats
5,151,ATL,Tyler Allgeier,RB,22,2025,0,0,0,20,20,67,0,0,0,0,0,676,2876,18,61,516,2,6,,,BYU,College Stats
5,152,DEN,Delarrin Turner-Yell,S,22,2025,0,0,0,2,2,31,0,0,0,0,0,0,0,0,0,0,0,32,,,Oklahoma,College Stats
5,153,SEA,Riq Woolen,CB,23,2025,0,1,3,22,22,64,0,0,0,0,0,0,0,0,0,0,0,153,12,,Texas-San Antonio,College Stats
5,154,JAX,Snoop Conner,RB,22,2022,0,0,0,0,0,8,0,0,0,0,0,12,42,1,0,0,0,1,,,Mississippi,College Stats
5,155,DAL,Matt Waletzko,OL,22,2024,0,0,0,0,0,11,0,0,0,0,0,0,0,0,0,0,0,,,,North Dakota,
5,156,CLE,Jerome Ford,RB,22,2025,0,0,1,11,11,57,0,0,0,0,0,340,1463,7,107,647,5,1,,,Cincinnati,College Stats
5,157,TAM,Zyon McCollum,DB,23,2025,0,0,2,17,17,60,0,0,0,0,0,0,0,0,0,0,0,167,3,,Sam Houston St.,
5,158,SEA,Tyreke Smith,DE,22,2023,0,0,0,0,0,3,0,0,0,0,0,0,0,0,0,0,0,,,,Ohio St.,College Stats
5,159,IND,Eric Johnson,DT,24,2025,0,0,0,4,3,51,0,0,0,0,0,0,0,0,0,0,0,13,,1,Missouri State,
5,160,LAC,Otito Ogbonnia,DT,22,2025,0,0,1,12,12,41,0,0,0,0,0,0,0,0,0,0,0,44,,0.5,UCLA,College Stats
5,161,NOR,D'Marco Jackson,LB,24,2025,0,0,0,6,3,43,0,0,0,0,0,0,0,0,0,0,0,29,1,1,Appalachian St.,College Stats
5,162,DEN,Montrell Washington,WR,23,2024,0,0,0,0,0,22,0,0,0,0,0,5,30,0,4,2,0,,,,Samford,
5,163,TEN,Kyle Philips,WR,23,2023,0,0,0,3,3,13,0,0,0,0,0,0,0,0,23,259,0,,,,UCLA,College Stats
5,164,LAR,Kyren Williams,RB,22,2025,0,1,2,31,31,55,0,0,0,0,0,838,3834,36,111,745,8,2,,,Notre Dame,College Stats
5,165,MIN,Esezi Otomewo,DT,23,2025,0,0,0,2,0,21,0,0,0,0,0,0,0,0,0,0,0,8,,1.5,Minnesota,College Stats
5,166,CIN,Tycen Anderson,S,23,2025,0,0,0,2,2,41,0,0,0,0,0,0,0,0,0,0,0,25,,,Toledo,College Stats
5,167,DAL,DaRon Bland,DB,23,2025,1,1,1,21,21,53,0,0,0,0,0,0,0,0,0,0,0,165,15,,Fresno St.,College Stats
5,168,CHI,Braxton Jones,OL,23,2025,0,0,3,18,18,46,0,0,0,0,0,0,0,0,0,0,0,1,,,Southern Utah,
5,169,MIN,Ty Chandler,RB,24,2025,0,0,0,6,6,40,0,0,0,0,0,181,710,3,30,212,0,3,,,North Carolina,College Stats
5,170,HOU,Teagan Quitoriano,TE,22,2025,0,0,0,1,1,40,0,0,0,0,0,0,0,0,9,146,2,3,,,Oregon St.,College Stats
5,171,DEN,Luke Wattenberg,OL,24,2025,0,0,1,12,12,51,0,0,0,0,0,0,0,0,0,0,0,,,,Washington,College Stats
5,172,SFO,Samuel Womack,CB,23,2025,0,0,0,7,2,46,0,0,0,0,0,0,0,0,0,0,0,51,3,,Toledo,College Stats
5,173,NYG,Marcus McKethan,OL,23,2023,0,0,0,2,2,16,0,0,0,0,0,0,0,0,0,0,0,,,,North Carolina,College Stats
5,174,CHI,Dominique Robinson,DE,24,2025,0,0,0,6,6,46,0,0,0,0,0,0,0,0,0,0,0,40,,3.5,Miami (OH),College Stats
5,175,LVR,Matthew Butler,DT,23,2025,0,0,0,2,1,27,0,0,0,0,0,0,0,0,0,0,0,12,,0.5,Tennessee,College Stats
5,176,DAL,Damone Clark,LB,22,2025,0,0,1,14,14,55,0,0,0,0,0,0,0,0,0,0,0,129,,0.5,LSU,College Stats
5,177,DET,James Mitchell,TE,23,2025,0,0,0,1,1,35,0,0,0,0,0,0,0,0,16,169,1,,,,Virginia Tech,College Stats
5,178,DAL,John Ridgeway,DT,23,2025,0,0,0,7,,49,0,0,0,0,0,0,0,0,0,0,0,36,,,Arkansas,College Stats
5,179,GNB,Kingsley Enagbare,DE,22,2025,0,0,0,12,12,68,0,0,0,0,0,0,0,0,0,0,0,79,,11.5,South Carolina,College Stats
6,180,BUF,Matt Araiza,P,22,2025,0,0,0,5,,34,0,0,0,0,0,0,0,0,0,0,0,2,,,San Diego St.,College Stats
6,181,PHI,Kyron Johnson,DE,24,2023,0,0,0,1,1,22,0,0,0,0,0,0,0,0,0,0,0,6,,,Kansas,College Stats
6,182,NYG,Darrian Beavers,LB,23,2023,0,0,0,0,0,2,0,0,0,0,0,0,0,0,0,0,0,,,,Cincinnati,College Stats
6,183,NWE,Kevin Harris,RB,21,2023,0,0,0,1,1,9,0,0,0,0,0,34,117,2,3,58,0,,,,South Carolina,College Stats
6,184,MIN,Vederian Lowe,OL,23,2025,0,0,1,11,0,46,0,0,0,0,0,0,0,0,1,4,1,,,,Illinois,College Stats
6,185,BUF,Christian Benford,DB,21,2025,0,0,2,19,19,53,0,0,0,0,0,0,0,0,0,0,0,142,7,3,Villanova,
6,186,CHI,Zachary Thomas,OL,24,2024,0,0,0,0,,17,0,0,0,0,0,0,0,0,0,0,0,,,,San Diego St.,College Stats
6,187,SFO,Nick Zakelj,OL,23,2025,0,0,0,2,2,29,0,0,0,0,0,0,0,0,0,0,0,,,,Fordham,
6,188,DET,Malcolm Rodriguez,LB,23,2025,0,0,1,12,12,50,0,0,0,0,0,0,0,0,1,6,0,111,,3,Oklahoma St.,College Stats
6,189,CAR,Amare Barno,DE,23,2024,0,0,0,2,2,29,0,0,0,0,0,0,0,0,0,0,0,25,,3,Virginia Tech,College Stats
6,190,ATL,Justin Shaffer,OL,24,,0,0,0,,,,,,,,,,,,,,,,,,Georgia,College Stats
6,191,MIN,Jalen Nailor,WR,23,2025,0,0,0,9,9,55,0,0,0,0,0,5,9,0,69,1066,11,4,,,Michigan St.,College Stats
6,192,IND,Andrew Ogletree,TE,24,2025,0,0,1,2,2,44,0,0,0,0,0,0,0,0,22,283,4,9,,,Youngstown St.,
6,193,DAL,Devin Harper,LB,24,2023,0,0,0,0,0,12,0,0,0,0,0,0,0,0,0,0,0,4,,,Oklahoma St.,College Stats
6,194,NOR,Jordan Jackson,DT,24,2025,0,0,0,1,,22,0,0,0,0,0,0,0,0,0,0,0,7,,1,Air Force,College Stats
6,195,LAC,Jamaree Salyer,OL,22,2025,0,0,2,19,19,64,0,0,0,0,0,0,0,0,0,0,0,,,,Georgia,College Stats
6,196,BAL,Tyler Badie,RB,22,2025,0,0,0,2,,20,0,0,0,0,0,20,109,0,23,163,1,3,,,Missouri,College Stats
6,197,JAX,Gregory Junior,CB,23,2023,0,0,0,1,1,10,0,0,0,0,0,0,0,0,0,0,0,11,,,Ouachita Baptist,
6,198,PHI,Grant Calcaterra,TE,23,2025,0,0,1,5,5,62,0,0,0,0,0,0,0,0,42,494,2,1,,,SMU,College Stats
6,199,CAR,Cade Mays,OL,23,2025,0,0,0,11,11,52,0,0,0,0,0,0,0,0,0,0,0,,,,Tennessee,College Stats
6,200,NWE,Sam Roberts,DE,24,2025,0,0,0,2,1,20,0,0,0,0,0,0,0,0,0,0,0,9,,1,NW Missouri St.,
6,201,ARI,Keaontay Ingram,RB,22,2024,0,0,0,2,2,21,0,0,0,0,0,62,134,1,8,47,0,1,,,USC,College Stats
6,202,CLE,Michael Woods II,WR,22,2024,0,0,0,0,0,15,0,0,0,0,0,1,-5,0,12,110,0,1,,,Oklahoma,College Stats
6,203,CHI,Trestan Ebner,RB,23,2022,0,0,0,0,0,17,0,0,0,0,0,24,54,0,2,8,0,3,,,Baylor,College Stats
6,204,TEN,Theo Jackson,DB,23,2025,0,0,0,8,,57,0,0,0,0,0,0,0,0,0,0,0,51,2,2,Tennessee,College Stats
6,205,HOU,Austin Deculus,T,23,2025,0,0,0,4,1,26,0,0,0,0,0,0,0,0,0,0,0,,,,LSU,College Stats
6,206,DEN,Matt Henningsen,DE,23,2023,0,0,0,2,2,34,0,0,0,0,0,0,0,0,0,0,0,18,,1,Wisconsin,College Stats
6,207,CHI,Doug Kramer,OL,24,2024,0,0,0,1,1,18,0,0,0,0,0,0,0,0,0,0,0,,,,Illinois,College Stats
6,208,PIT,Connor Heyward,TE,23,2025,0,0,0,3,3,68,0,1,0,0,0,18,70,2,44,379,3,13,,,Michigan St.,College Stats
6,209,BUF,Luke Tenuta,OL,23,2025,0,0,0,0,,7,0,0,0,0,0,0,0,0,0,0,0,,,,Virginia Tech,College Stats
6,210,NWE,Chasen Hines,G,22,,0,0,0,,,,,,,,,,,,,,,,,,LSU,College Stats
6,211,LAR,Quentin Lake,DB,23,2025,0,0,1,11,11,50,0,0,0,0,0,0,0,0,0,0,0,160,1,4,UCLA,College Stats
6,212,LAR,Derion Kendrick,DB,22,2025,0,0,1,7,6,47,0,0,0,0,0,0,0,0,0,0,0,84,3,,Georgia,College Stats
6,213,ATL,John FitzPatrick,TE,22,2025,0,0,0,1,0,33,0,0,0,0,0,0,0,0,14,86,1,3,,,Georgia,College Stats
6,214,LAC,Ja'Sir Taylor,DB,23,2025,0,0,0,8,7,65,0,0,0,0,0,0,0,0,0,0,0,62,1,,Wake Forest,College Stats
6,215,ARI,Lecitus Smith,OL,24,2025,0,0,0,2,1,19,0,0,0,0,0,0,0,0,0,0,0,,,,Virginia Tech,College Stats
6,216,IND,Curtis Brooks,DT,24,,0,0,0,,,,,,,,,,,,,,,,,,Cincinnati,College Stats
6,217,DET,James Houston,LB,23,2025,0,0,0,4,3,37,0,0,0,0,0,0,0,0,0,0,0,35,,14.5,Jackson St.,
6,218,TAM,Ko Kieft,TE,24,2025,0,0,1,1,1,53,0,0,0,0,0,0,0,0,8,82,2,15,,,Minnesota,College Stats
6,219,TEN,Chance Campbell,LB,22,2023,0,0,0,0,0,4,0,0,0,0,0,0,0,0,0,0,0,1,,,Mississippi,College Stats
6,220,SFO,Kalia Davis,DT,23,2025,0,0,0,8,8,33,0,0,0,0,0,0,0,0,0,0,0,17,1,1.5,Central Florida,College Stats
6,221,SFO,Tariq Castro-Fields,CB,23,2024,0,0,0,1,,12,0,0,0,0,0,0,0,0,0,0,0,3,,,Penn St.,College Stats
7,222,JAX,Montaric Brown,DB,23,2025,0,0,0,11,11,52,0,0,0,0,0,0,0,0,0,0,0,127,3,,Arkansas,College Stats
7,223,CLE,Isaiah Thomas,DE,23,2024,0,0,0,1,1,12,0,0,0,0,0,0,0,0,0,0,0,4,,1,Oklahoma,College Stats
7,224,MIA,Cameron Goode,OLB,24,2025,0,0,0,2,2,37,0,0,0,0,0,0,0,0,0,0,0,11,,,California,College Stats
7,225,PIT,Mark Robinson,LB,23,2025,0,0,0,4,4,46,0,0,0,0,0,0,0,0,0,0,0,35,,1,Mississippi,College Stats
7,226,CHI,Ja'Tyre Carter,OL,23,2023,0,0,0,2,2,13,0,0,0,0,0,0,0,0,0,0,0,,,,Southern,
7,227,MIN,Nick Muse,TE,23,2024,0,0,0,0,0,16,0,0,0,0,0,0,0,0,1,22,0,,,,South Carolina,College Stats
7,228,GNB,Tariq Carpenter,DB,23,2023,0,0,0,1,1,17,0,0,0,0,0,0,0,0,0,0,0,7,,,Georgia Tech,College Stats
7,229,SEA,Bo Melton,WR,23,2025,0,0,0,5,,38,0,0,0,0,0,16,110,0,28,416,2,4,,,Rutgers,College Stats
7,230,WAS,Chris Paul,OL,23,2025,0,0,0,10,10,34,0,0,0,0,0,0,0,0,0,0,0,,,,Tulsa,College Stats
7,231,BUF,Baylon Spector,LB,23,2025,0,0,0,5,5,29,0,0,0,0,0,0,0,0,0,0,0,32,,1.5,Clemson,College Stats
7,232,DEN,Faion Hicks,CB,24,2024,0,0,0,0,0,4,0,0,0,0,0,0,0,0,0,0,0,1,,,Wisconsin,College Stats
7,233,SEA,Dareke Young,WR,23,2025,0,0,0,0,0,42,0,0,0,0,0,0,0,0,4,72,0,19,,,Lenoir-Rhyne,
7,234,GNB,Jonathan Ford,DT,22,2025,0,0,0,1,0,13,0,0,0,0,0,0,0,0,0,0,0,5,,,Miami (FL),College Stats
7,235,LAR,Daniel Hardy,LB,23,2025,0,0,0,3,0,40,0,0,0,0,0,0,0,0,0,0,0,14,,,Montana St.,
7,236,LAC,Deane Leonard,DB,22,2025,0,0,0,3,3,46,0,0,0,0,0,0,0,0,0,0,0,34,,,Mississippi,College Stats
7,237,DET,Chase Lucas,DB,25,2025,0,0,0,2,1,33,0,0,0,0,0,0,0,0,0,0,0,9,,,Arizona St.,College Stats
7,238,LVR,Thayer Munford,OL,22,2025,0,0,1,11,10,51,0,0,0,0,0,0,0,0,0,0,0,,,,Ohio St.,College Stats
7,239,IND,Rodney Thomas II,LB,24,2025,0,0,2,11,11,68,0,0,0,0,0,1,3,0,0,0,0,83,6,,Yale,
7,240,WAS,Christian Holmes,CB,24,2023,0,0,0,3,3,30,0,0,0,0,0,0,0,0,0,0,0,11,,,Oklahoma St.,College Stats
7,241,PIT,Chris Oladokun,QB,25,2025,0,0,0,1,,4,35,55,235,1,0,6,23,0,0,0,0,,,,South Dakota St.,
7,242,CAR,Kalon Barnes,CB,23,2022,0,0,0,0,,2,0,0,0,0,0,0,0,0,0,0,0,,,,Baylor,College Stats
7,243,KAN,Jaylen Watson,DB,23,2025,0,0,1,13,13,53,0,0,0,0,0,0,0,0,0,0,0,128,3,4,Washington St.,College Stats
7,244,ARI,Christian Matthew,DB,25,2023,0,0,0,2,2,20,0,0,0,0,0,0,0,0,0,0,0,13,,,Valdosta St.,
7,245,NWE,Andrew Stueber,OL,23,2024,0,0,0,1,,7,0,0,0,0,0,0,0,0,0,0,0,,,,Michigan,College Stats
7,246,CLE,Dawson Deaton,OL,23,,0,0,0,,,,,,,,,,,,,,,,,,Texas Tech,College Stats
7,247,MIA,Skylar Thompson,QB,25,2024,0,0,0,3,3,10,81,138,721,1,3,15,25,0,0,0,0,,,,Kansas St.,College Stats
7,248,TAM,Andre Anthony,DE,25,,0,0,0,,,,,,,,,,,,,,,,,,LSU,College Stats
7,249,GNB,Rasheed Walker,OL,22,2025,0,0,2,29,29,52,0,0,0,0,0,0,0,0,0,0,0,,,,Penn St.,College Stats
7,250,LVR,Brittain Brown,RB,24,2025,0,0,0,0,0,9,0,0,0,0,0,5,37,1,0,0,0,,,,UCLA,College Stats
7,251,KAN,Isiah Pacheco,RB,23,2025,0,0,2,21,21,51,0,0,0,0,0,576,2537,14,88,554,3,2,,,Rutgers,College Stats
7,252,CIN,Jeff Gunter,OLB,23,2022,0,0,0,1,1,10,0,0,0,0,0,0,0,0,0,0,0,,,,Coastal Carolina,College Stats
7,253,LAR,Russ Yeast,DB,23,2024,0,0,1,4,4,36,0,0,0,0,0,0,0,0,0,0,0,54,,,Kansas St.,College Stats
7,254,CHI,Elijah Hicks,S,22,2025,0,0,0,8,8,61,0,0,0,0,0,0,0,0,0,0,0,68,,,California,College Stats
7,255,CHI,Trenton Gill,P,23,2024,0,0,2,5,4,42,0,0,0,0,0,0,0,0,0,0,0,1,,,North Carolina St.,College Stats
7,256,ARI,Jesse Luketa,LB,23,2024,0,0,0,3,3,31,0,0,0,0,0,0,0,0,0,0,0,19,,3,Penn St.,College Stats
7,257,ARI,Marquis Hayes,OL,23,,0,0,0,,,,,,,,,,,,,,,,,,Oklahoma,College Stats
7,258,GNB,Samori Toure,WR,24,2025,0,0,0,2,2,23,0,0,0,0,0,0,0,0,14,163,1,,,,Nebraska,College Stats
7,259,KAN,Nazeeh Johnson,S,24,2025,0,0,0,3,3,29,0,0,0,0,0,0,0,0,0,0,0,39,,1,Marshall,College Stats
7,260,LAC,Zander Horvath,RB,23,2022,0,0,0,0,0,15,0,0,0,0,0,4,8,0,5,8,2,1,,,Purdue,College Stats
7,261,LAR,AJ Arcuri,OT,25,2024,0,0,0,1,1,10,0,0,0,0,0,0,0,0,0,0,0,,,,Michigan St.,College Stats
7,262,SFO,Brock Purdy,QB,22,2025,0,1,2,44,44,49,919,1353,11685,84,37,160,627,11,0,0,0,,,,Iowa St.,College Stats
