Rk,Player,Age,Team,Pos,G,GS,Tgt,Rec,Yds,Y/R,TD,1D,Succ%,Lng,R/G,Y/G,Ctch%,Y/Tgt,Fmb,Awards
1,Cooper Kupp,28,LAR,WR,17,17,191,145,1947,13.4,16,89,63.4,59,8.5,114.5,75.9,10.2,0,"PB,AP-1,AP MVP-3,AP OPoY-1"
2,Davante Adams,29,GNB,WR,16,16,169,123,1553,12.6,11,84,59.8,59,7.7,97.1,72.8,9.2,0,"PB,AP-1"
3,Tyreek Hill,27,KAN,WR,17,16,159,111,1239,11.2,9,75,61.6,75,6.5,72.9,69.8,7.8,2,PB
4,Justin Jefferson,22,MIN,WR,17,17,167,108,1616,15,10,75,55.7,56,6.4,95.1,64.7,9.7,1,"PB,AP-2"
5,Mark Andrews,26,BAL,TE,17,9,153,107,1361,12.7,9,75,62.1,43,6.3,80.1,69.9,8.9,1,"PB,AP-1"
6,Diontae Johnson,25,PIT,WR,16,14,169,107,1161,10.9,8,59,47.3,50,6.7,72.6,63.3,6.9,2,PB
7,Keenan Allen,29,LAC,WR,16,16,157,106,1138,10.7,6,66,54.1,42,6.6,71.1,67.5,7.2,1,PB
8,Jaylen Waddle,23,MIA,WR,16,16,140,104,1015,9.8,6,59,59.3,57,6.5,63.4,74.3,7.3,2,
9,Stefon Diggs,28,BUF,WR,17,17,164,103,1225,11.9,10,66,54.9,61,6.1,72.1,62.8,7.5,1,PB
10,Hunter Renfrow,26,LVR,WR,17,9,128,103,1038,10.1,9,51,60.2,54,6.1,61.1,80.5,8.1,5,PB
11,Chris Godwin,25,TAM,WR,14,14,127,98,1103,11.3,5,55,63.8,44,7,78.8,77.2,8.7,2,
12,D.J. Moore,24,CAR,WR,17,17,163,93,1157,12.4,4,60,47.9,64,5.5,68.1,57.1,7.1,1,
13,Travis Kelce,32,KAN,TE,16,16,134,92,1125,12.2,9,63,60.4,69,5.8,70.3,68.7,8.4,1,"PB,AP-2"
14,Marquise Brown,24,BAL,WR,16,16,146,91,1008,11.1,6,41,45.2,49,5.7,63,62.3,6.9,3,
15,Brandin Cooks,28,HOU,WR,16,16,134,90,1037,11.5,6,45,53.7,52,5.6,64.8,67.2,7.7,0,
16,Amon-Ra St. Brown,22,DET,WR,17,9,119,90,912,10.1,5,48,59.7,37,5.3,53.6,75.6,7.7,0,
17,Michael Pittman Jr.,24,IND,WR,17,17,129,88,1082,12.3,6,54,58.9,57,5.2,63.6,68.2,8.4,1,
18,Jakobi Meyers,25,NWE,WR,17,16,126,83,866,10.4,2,42,52.4,39,4.9,50.9,65.9,6.9,1,
19,Cole Beasley,32,BUF,WR,16,8,112,82,693,8.5,1,34,57.1,29,5.1,43.3,73.2,6.2,1,
20,Ja'Marr Chase,21,CIN,WR,17,17,128,81,1455,18,13,56,52.3,82,4.8,85.6,63.3,11.4,2,"PB,AP-2,AP ORoY-1"
21,Darnell Mooney,24,CHI,WR,17,14,140,81,1055,13,4,49,45.7,64,4.8,62.1,57.9,7.5,0,
22,CeeDee Lamb,22,DAL,WR,16,13,120,79,1102,13.9,6,54,53.3,49,4.9,68.9,65.8,9.2,0,PB
23,Dalton Schultz,25,DAL,TE,17,15,104,78,808,10.4,8,43,62.5,32,4.6,47.5,75,7.8,0,
24,Christian Kirk,25,ARI,WR,17,11,103,77,982,12.8,5,44,60.2,50,4.5,57.8,74.8,9.5,0,
25,Terry McLaurin,26,WAS,WR,17,17,130,77,1053,13.7,5,47,50.8,46,4.5,61.9,59.2,8.1,0,
26,Deebo Samuel,25,SFO,WR,16,15,121,77,1405,18.2,6,51,50.4,83,4.8,87.8,63.6,11.6,4,"PB,AP-1"
27,Mike Williams,27,LAC,WR,16,14,129,76,1146,15.1,9,51,51.9,72,4.8,71.6,58.9,8.9,0,
28,D.K. Metcalf,24,SEA,WR,17,17,129,75,967,12.9,12,48,48.1,84,4.4,56.9,58.1,7.5,1,
29,Mike Evans,28,TAM,WR,16,16,114,74,1035,14,14,56,59.6,46,4.6,64.7,64.9,9.1,0,PB
30,Najee Harris,23,PIT,RB,17,17,94,74,467,6.3,3,22,48.9,25,4.4,27.5,78.7,5,0,PB
31,Tee Higgins,22,CIN,WR,14,14,110,74,1091,14.7,6,53,63.6,54,5.3,77.9,67.3,9.9,1,
32,Zach Ertz,31,2TM,TE,17,14,112,74,763,10.3,5,40,50,47,4.4,44.9,66.1,6.8,0,
32,Zach Ertz,31,PHI,TE,6,3,31,18,189,10.5,2,10,45.2,28,3,31.5,58.1,6.1,0,
32,Zach Ertz,31,ARI,TE,11,11,81,56,574,10.3,3,30,51.9,47,5.1,52.2,69.1,7.1,0,
33,Mike Gesicki,26,MIA,TE,17,9,112,73,780,10.7,2,39,53.6,40,4.3,45.9,65.2,7,0,
34,Marvin Jones,31,JAX,WR,17,16,120,73,832,11.4,4,42,53.3,33,4.3,48.9,60.8,6.9,0,
35,Tyler Lockett,29,SEA,WR,16,16,107,73,1175,16.1,8,41,53.3,69,4.6,73.4,68.2,11,0,
36,George Kittle,28,SFO,TE,14,14,94,71,910,12.8,6,42,60.6,48,5.1,65,75.5,9.7,2,PB
37,Austin Ekeler,26,LAC,RB,16,16,94,70,647,9.2,8,31,53.2,40,4.4,40.4,74.5,6.9,4,
38,Leonard Fournette,26,TAM,RB,14,13,84,69,454,6.6,2,30,57.1,23,4.9,32.4,82.1,5.4,1,
39,Amari Cooper,27,DAL,WR,15,14,104,68,865,12.7,8,45,53.8,41,4.5,57.7,65.4,8.3,1,
40,Noah Fant,24,DEN,TE,16,16,90,68,670,9.9,4,29,47.8,35,4.3,41.9,75.6,7.4,0,
41,Kyle Pitts,21,ATL,TE,17,15,110,68,1026,15.1,1,43,50.9,61,4,60.4,61.8,9.3,0,PB
42,Tyler Boyd,27,CIN,WR,16,10,94,67,828,12.4,5,37,53.2,68,4.2,51.8,71.3,8.8,1,
43,Adam Thielen,31,MIN,WR,13,13,95,67,726,10.8,10,37,50.5,35,5.2,55.8,70.5,7.6,1,
44,Russell Gage,25,ATL,WR,14,9,94,66,770,11.7,4,37,55.3,49,4.7,55,70.2,8.2,2,
45,DeVonta Smith,23,PHI,WR,17,16,104,64,916,14.3,5,43,54.8,46,3.8,53.9,61.5,8.8,1,
46,A.J. Brown,24,TEN,WR,13,13,105,63,869,13.8,5,45,50.5,57,4.8,66.8,60,8.3,0,
47,Laviska Shenault Jr.,23,JAX,WR,16,10,100,63,619,9.8,0,30,47,58,3.9,38.7,63,6.2,1,
48,D'Andre Swift,22,DET,RB,13,4,78,62,452,7.3,2,18,48.7,63,4.8,34.8,79.5,5.8,2,
49,Tyler Conklin,26,MIN,TE,17,15,87,61,593,9.7,3,26,47.1,40,3.6,34.9,70.1,6.8,1,
50,Tyler Higbee,28,LAR,TE,15,15,85,61,560,9.2,5,33,60,37,4.1,37.3,71.8,6.6,1,
51,T.J. Hockenson,24,DET,TE,12,12,84,61,583,9.6,4,32,56,33,5.1,48.6,72.6,6.9,0,
52,Pat Freiermuth,23,PIT,TE,16,9,79,60,497,8.3,7,34,55.7,24,3.8,31.1,75.9,6.3,1,
53,Cole Kmet,22,CHI,TE,17,17,93,60,612,10.2,0,29,48.4,25,3.5,36,64.5,6.6,0,
54,Chase Claypool,23,PIT,WR,15,13,105,59,860,14.6,2,35,43.8,59,3.9,57.3,56.2,8.2,0,
55,Mecole Hardman,23,KAN,WR,17,8,83,59,693,11.7,2,33,60.2,53,3.5,40.8,71.1,8.3,3,
56,Courtland Sutton,26,DEN,WR,17,16,98,58,776,13.4,2,35,50,55,3.4,45.6,59.2,7.9,0,
57,Brandon Aiyuk,23,SFO,WR,17,16,84,56,826,14.8,5,37,60.7,43,3.3,48.6,66.7,9.8,2,
58,Dallas Goedert,26,PHI,TE,15,14,76,56,830,14.8,4,42,68.4,45,3.7,55.3,73.7,10.9,1,
59,Kendrick Bourne,26,NWE,WR,17,5,70,55,800,14.5,5,27,65.7,75,3.2,47.1,78.6,11.4,1,
60,Rob Gronkowski,32,TAM,TE,12,12,89,55,802,14.6,6,34,57.3,42,4.6,66.8,61.8,9,0,
61,Darren Waller,29,LVR,TE,11,11,93,55,665,12.1,2,31,49.5,33,5,60.5,59.1,7.2,0,
62,A.J. Green,33,ARI,WR,16,9,92,54,848,15.7,3,37,53.3,42,3.4,53,58.7,9.2,0,
63,Josh Jacobs,23,LVR,RB,15,14,64,54,348,6.4,0,14,51.6,29,3.6,23.2,84.4,5.4,2,
64,Rondale Moore,21,ARI,WR,14,7,64,54,435,8.1,1,18,54.7,77,3.9,31.1,84.4,6.8,3,
65,Robbie Chosen,28,CAR,WR,17,16,110,53,519,9.8,5,27,36.4,57,3.1,30.5,48.2,4.7,0,
66,Tim Patrick,28,DEN,WR,16,16,85,53,734,13.8,5,39,55.3,44,3.3,45.9,62.4,8.6,0,
67,Aaron Jones,27,GNB,RB,15,15,65,52,391,7.5,6,22,50.8,26,3.5,26.1,80,6,2,
68,Jarvis Landry,29,CLE,WR,12,12,87,52,570,11,2,30,48.3,38,4.3,47.5,59.8,6.6,3,
69,Cordarrelle Patterson,30,ATL,RB,16,13,69,52,548,10.5,5,26,52.2,64,3.3,34.3,75.4,7.9,2,
70,Jamison Crowder,28,NYJ,WR,12,4,71,51,447,8.8,2,24,54.9,29,4.3,37.3,71.8,6.3,1,
71,Hunter Henry,27,NWE,TE,17,10,75,50,603,12.1,9,34,62.7,35,2.9,35.5,66.7,8,0,
72,Van Jefferson,25,LAR,WR,17,17,89,50,802,16,6,32,52.8,79,2.9,47.2,56.2,9,0,
73,K.J. Osborn,24,MIN,WR,17,9,82,50,655,13.1,7,26,46.3,64,2.9,38.5,61,8,0,
74,Myles Gaskin,24,MIA,RB,17,10,63,49,234,4.8,4,13,46,24,2.9,13.8,77.8,3.7,2,
75,Dawson Knox,25,BUF,TE,15,14,71,49,587,12,9,31,59.2,53,3.3,39.1,69,8.3,0,
76,C.J. Uzomah,28,CIN,TE,16,16,63,49,493,10.1,5,24,54,55,3.1,30.8,77.8,7.8,0,
77,Jared Cook,34,LAC,TE,16,10,83,48,564,11.8,4,31,50.6,42,3,35.3,57.8,6.8,0,
78,Gerald Everett,27,SEA,TE,15,12,63,48,478,10,4,26,60.3,41,3.2,31.9,76.2,7.6,2,
79,Kalif Raymond,27,DET,WR,16,14,71,48,576,12,4,28,50.7,75,3,36,67.6,8.1,0,
80,Ezekiel Elliott,26,DAL,RB,17,17,65,47,287,6.1,2,17,38.5,21,2.8,16.9,72.3,4.4,1,
81,Zay Jones,26,LVR,WR,17,9,70,47,546,11.6,1,29,55.7,43,2.8,32.1,67.1,7.8,1,
82,Alvin Kamara,26,NOR,RB,13,10,67,47,439,9.3,5,20,43.3,31,3.6,33.8,70.1,6.6,0,PB
83,Darrel Williams,26,KAN,RB,17,7,57,47,452,9.6,2,19,64.9,38,2.8,26.6,82.5,7.9,0,
84,Rashod Bateman,22,BAL,WR,12,4,68,46,515,11.2,1,29,58.8,36,3.8,42.9,67.6,7.6,0,
85,Braxton Berrios,26,NYJ,WR,16,1,65,46,431,9.4,2,21,50.8,46,2.9,26.9,70.8,6.6,1,AP-1
86,Marquez Callaway,23,NOR,WR,17,11,84,46,698,15.2,6,32,46.4,58,2.7,41.1,54.8,8.3,0,
87,Evan Engram,27,NYG,TE,15,12,73,46,408,8.9,3,21,41.1,30,3.1,27.2,63,5.6,1,
88,Cedrick Wilson Jr.,26,DAL,WR,16,4,61,45,602,13.4,6,27,60.7,73,2.8,37.6,73.8,9.9,3,
89,Robert Woods,29,LAR,WR,9,9,69,45,556,12.4,4,34,59.4,28,5,61.8,65.2,8.1,0,
90,Mike Davis,28,ATL,RB,17,8,58,44,259,5.9,1,12,39.7,20,2.6,15.2,75.9,4.5,4,
91,Odell Beckham Jr.,29,2TM,WR,14,13,82,44,537,12.2,5,27,48.8,54,3.1,38.4,53.7,6.5,0,
91,Odell Beckham Jr.,29,CLE,WR,6,6,34,17,232,13.6,0,11,47.1,26,2.8,38.7,50,6.8,0,
91,Odell Beckham Jr.,29,LAR,WR,8,7,48,27,305,11.3,5,16,50,54,3.4,38.1,56.3,6.4,0,
92,Chase Edmonds,25,ARI,RB,12,11,53,43,311,7.2,0,11,35.8,36,3.6,25.9,81.1,5.9,1,
93,J.D. McKissic,28,WAS,RB,11,3,53,43,397,9.2,2,15,52.8,56,3.9,36.1,81.1,7.5,0,
94,Elijah Moore,21,NYJ,WR,11,6,77,43,538,12.5,5,24,45.5,62,3.9,48.9,55.8,7,0,
95,Quez Watkins,23,PHI,WR,17,12,62,43,647,15,1,25,46.8,91,2.5,38.1,69.4,10.4,0,
96,Javonte Williams,21,DEN,RB,17,1,53,43,316,7.3,3,12,37.7,42,2.5,18.6,81.1,6,2,
97,Antonio Brown,33,TAM,WR,7,3,62,42,545,13,4,29,53.2,62,6,77.9,67.7,8.8,0,
98,Antonio Gibson,23,WAS,RB,16,14,52,42,294,7,3,12,50,73,2.6,18.4,80.8,5.7,6,
99,DeAndre Hopkins,29,ARI,WR,10,10,64,42,572,13.6,8,32,59.4,55,4.2,57.2,65.6,8.9,0,
100,Joe Mixon,25,CIN,RB,16,16,48,42,314,7.5,3,11,43.8,52,2.6,19.6,87.5,6.5,2,PB
101,David Montgomery,24,CHI,RB,13,13,51,42,301,7.2,0,18,43.1,16,3.2,23.2,82.4,5.9,1,
102,Byron Pringle,28,KAN,WR,17,5,60,42,568,13.5,5,32,66.7,40,2.5,33.4,70,9.5,2,
103,Emmanuel Sanders,34,BUF,WR,14,13,72,42,626,14.9,4,31,52.8,41,3,44.7,58.3,8.7,0,
104,Saquon Barkley,24,NYG,RB,13,13,57,41,263,6.4,2,13,36.8,54,3.2,20.2,71.9,4.6,2,
105,Brandon Bolden,31,NWE,RB,17,1,49,41,405,9.9,2,21,49,28,2.4,23.8,83.7,8.3,1,
106,Adam Humphries,28,WAS,WR,17,11,62,41,383,9.3,0,23,43.5,27,2.4,22.5,66.1,6.2,0,
107,Devontae Booker,29,NYG,RB,16,4,45,40,268,6.7,1,11,51.1,41,2.5,16.8,88.9,6,0,
108,Nyheim Hines,25,IND,RB,17,4,57,40,310,7.8,1,15,42.1,36,2.4,18.2,70.2,5.4,3,
109,Allen Lazard,26,GNB,WR,15,13,60,40,513,12.8,8,28,60,42,2.7,34.2,66.7,8.6,0,
110,DeVante Parker,28,MIA,WR,10,8,73,40,515,12.9,2,29,50.7,42,4,51.5,54.8,7.1,0,
111,Devin Singletary,24,BUF,RB,17,16,50,40,228,5.7,1,11,48,19,2.4,13.4,80,4.6,5,
112,Jonathan Taylor,22,IND,RB,17,17,51,40,360,9,2,12,43.1,76,2.4,21.2,78.4,7.1,4,"PB,AP-1,AP OPoY-2"
113,Ray-Ray McCloud,25,PIT,WR,16,5,66,39,277,7.1,0,18,34.8,24,2.4,17.3,59.1,4.2,4,
114,Tony Pollard,24,DAL,RB,15,0,46,39,337,8.6,0,15,58.7,32,2.6,22.5,84.8,7.3,2,
115,Kadarius Toney,22,NYG,WR,10,4,57,39,420,10.8,0,21,52.6,38,3.9,42,68.4,7.4,0,
116,Austin Hooper,27,CLE,TE,16,16,61,38,345,9.1,3,18,55.7,34,2.4,21.6,62.3,5.7,0,
117,Jerry Jeudy,22,DEN,WR,10,5,56,38,467,12.3,0,22,53.6,40,3.8,46.7,67.9,8.3,1,
118,Zach Pascal,27,IND,WR,16,13,69,38,384,10.1,3,16,37.7,41,2.4,24,55.1,5.6,1,
119,Allen Robinson,28,CHI,WR,12,11,66,38,410,10.8,1,22,47,39,3.2,34.2,57.6,6.2,0,
120,Nick Westbrook-Ikhine,24,TEN,WR,16,7,57,38,476,12.5,4,23,54.4,46,2.4,29.8,66.7,8.4,1,
121,Ameer Abdullah,28,2TM,RB,17,1,53,38,289,7.6,1,13,45.3,23,2.2,17,71.7,5.5,0,
121,Ameer Abdullah,28,MIN,RB,6,0,4,3,17,5.7,0,1,25,10,0.5,2.8,75,4.3,0,
121,Ameer Abdullah,28,CAR,RB,11,1,49,35,272,7.8,1,12,46.9,23,3.2,24.7,71.4,5.6,0,
122,Nelson Agholor,28,NWE,WR,15,13,64,37,473,12.8,3,23,45.3,44,2.5,31.5,57.8,7.4,0,
123,James Conner,26,ARI,RB,15,6,39,37,375,10.1,3,18,71.8,45,2.5,25,94.9,9.6,2,PB
124,Kenny Golladay,28,NYG,WR,14,14,76,37,521,14.1,0,27,44.7,36,2.6,37.2,48.7,6.9,0,
125,Christian McCaffrey,25,CAR,RB,7,7,41,37,343,9.3,1,21,65.9,32,5.3,49,90.2,8.4,1,
126,Michael Carter,22,NYJ,RB,14,11,55,36,325,9,0,16,47.3,23,2.6,23.2,65.5,5.9,1,
127,Deonte Harty,24,NOR,WR,13,1,59,36,570,15.8,3,23,50.8,72,2.8,43.8,61,9.7,2,
128,Tyler Johnson,23,TAM,WR,17,3,55,36,360,10,0,14,43.6,31,2.1,21.2,65.5,6.5,0,
129,David Njoku,25,CLE,TE,16,11,53,36,475,13.2,4,17,56.6,71,2.3,29.7,67.9,9,0,
130,Sterling Shepard,28,NYG,WR,7,6,53,36,366,10.2,1,19,47.2,37,5.1,52.3,67.9,6.9,0,
131,Gabriel Davis,22,BUF,WR,16,4,63,35,549,15.7,6,29,47.6,49,2.2,34.3,55.6,8.7,0,
132,Michael Gallup,25,DAL,WR,9,8,62,35,445,12.7,2,23,50,41,3.9,49.4,56.5,7.2,0,
133,Dan Arnold,26,2TM,WR,11,4,52,35,408,11.7,0,20,55.8,28,3.2,37.1,67.3,7.8,1,
133,Dan Arnold,26,CAR,WR,3,1,11,7,84,12,0,3,45.5,19,2.3,28,63.6,7.6,0,
133,Dan Arnold,26,JAX,WR,8,3,41,28,324,11.6,0,17,58.5,28,3.5,40.5,68.3,7.9,1,
134,Dalvin Cook,26,MIN,RB,13,13,49,34,224,6.6,0,9,38.8,24,2.6,17.2,69.4,4.6,3,PB
135,Corey Davis,26,NYJ,WR,9,9,59,34,492,14.5,4,23,50.8,53,3.8,54.7,57.6,8.3,2,
136,AJ Dillon,23,GNB,RB,17,2,37,34,313,9.2,2,15,62.2,50,2,18.4,91.9,8.5,2,
137,Bryan Edwards,23,LVR,WR,16,12,59,34,571,16.8,3,26,50.8,51,2.1,35.7,57.6,9.7,1,
138,Anthony Firkser,26,TEN,FB,15,1,43,34,291,8.6,2,15,55.8,24,2.3,19.4,79.1,6.8,2,
139,Devonta Freeman,29,BAL,RB,16,8,42,34,190,5.6,1,9,42.9,15,2.1,11.9,81,4.5,0,
140,Ty Johnson,24,NYJ,RB,16,3,55,34,372,10.9,2,20,47.3,23,2.1,23.3,61.8,6.8,2,
141,Donovan Peoples-Jones,22,CLE,WR,14,9,58,34,597,17.6,3,26,51.7,60,2.4,42.6,58.6,10.3,2,
142,Durham Smythe,26,MIA,TE,17,12,41,34,357,10.5,0,15,65.9,25,2,21,82.9,8.7,0,
143,Nico Collins,22,HOU,WR,14,8,60,33,446,13.5,1,22,48.3,32,2.4,31.9,55,7.4,0,
144,Devin Duvernay,24,BAL,WR,16,7,47,33,272,8.2,2,14,46.8,21,2.1,17,70.2,5.8,1,"PB,AP-1"
145,Kenneth Gainwell,22,PHI,RB,16,1,50,33,253,7.7,1,14,44,19,2.1,15.8,66,5.1,2,
146,Albert Okwuegbunam,23,DEN,TE,14,6,40,33,330,10,2,15,60,64,2.4,23.6,82.5,8.3,1,
147,Josh Palmer,22,LAC,WR,17,5,49,33,353,10.7,4,18,55.1,36,1.9,20.8,67.3,7.2,0,
148,Jalen Reagor,22,PHI,WR,17,13,57,33,299,9.1,2,13,36.8,34,1.9,17.6,57.9,5.2,2,
149,Laquon Treadwell,26,JAX,WR,12,7,51,33,434,13.2,1,22,56.9,41,2.8,36.2,64.7,8.5,0,
150,David Johnson,30,HOU,RB,13,4,42,32,225,7,1,11,42.9,16,2.5,17.3,76.2,5.4,1,
151,Alexander Mattison,23,MIN,RB,16,4,39,32,228,7.1,1,10,43.6,24,2,14.3,82.1,5.8,1,
152,Tre'Quan Smith,25,NOR,WR,11,6,50,32,377,11.8,3,18,52,34,2.9,34.3,64,7.5,1,
153,Jalen Guyton,24,LAC,WR,16,2,48,31,448,14.5,3,21,60.4,59,1.9,28,64.6,9.3,1,
154,Julio Jones,32,TEN,WR,10,10,48,31,434,14,1,19,52.1,51,3.1,43.4,64.6,9,0,
155,Calvin Ridley,27,ATL,WR,5,5,52,31,281,9.1,2,16,46.2,22,6.2,56.2,59.6,5.4,0,
156,James Robinson,23,JAX,RB,14,13,46,31,222,7.2,0,9,41.3,26,2.2,15.9,67.4,4.8,4,
157,Geoff Swaim,28,TEN,TE,16,16,40,31,210,6.8,3,12,52.5,26,1.9,13.1,77.5,5.3,0,
158,Olamide Zaccheaus,24,ATL,WR,17,8,53,31,406,13.1,3,22,49.1,49,1.8,23.9,58.5,7.7,0,
159,Cameron Brate,30,TAM,TE,17,3,57,30,245,8.2,4,15,43.9,18,1.8,14.4,52.6,4.3,0,
160,Kenyan Drake,27,LVR,RB,12,2,40,30,291,9.7,1,12,57.5,31,2.5,24.3,75,7.3,1,
161,Kyle Juszczyk,30,SFO,FB,17,16,38,30,296,9.9,1,16,63.2,26,1.8,17.4,78.9,7.8,0,PB
162,Foster Moreau,24,LVR,TE,17,11,44,30,373,12.4,3,16,52.3,44,1.8,21.9,68.2,8.5,1,
163,Chester Rogers,27,TEN,WR,16,2,43,30,301,10,1,12,44.2,39,1.9,18.8,69.8,7,4,
164,Ricky Seals-Jones,26,WAS,TE,13,6,49,30,271,9,2,14,40.8,39,2.3,20.8,61.2,5.5,0,
165,Jack Doyle,31,IND,TE,17,14,43,29,302,10.4,3,18,53.5,34,1.7,17.8,67.4,7,0,
166,Darrell Henderson,24,LAR,RB,12,10,40,29,176,6.1,3,8,40,25,2.4,14.7,72.5,4.4,0,
167,Josh Reynolds,26,2TM,WR,12,5,49,29,396,13.7,2,21,53.1,39,2.4,33,59.2,8.1,0,
167,Josh Reynolds,26,TEN,WR,5,0,13,10,90,9,0,6,69.2,12,2,18,76.9,6.9,0,
167,Josh Reynolds,26,DET,WR,7,5,36,19,306,16.1,2,15,47.2,39,2.7,43.7,52.8,8.5,0,
168,Randall Cobb,31,GNB,WR,12,3,39,28,375,13.4,5,21,59,54,2.3,31.3,71.8,9.6,1,
169,Keelan Cole,28,NYJ,WR,15,11,51,28,449,16,1,20,49,54,1.9,29.9,54.9,8.8,0,
170,Melvin Gordon,28,DEN,RB,16,16,38,28,213,7.6,2,9,36.8,30,1.8,13.3,73.7,5.6,3,
171,Jeremy McNichols,26,TEN,RB,14,0,38,28,240,8.6,1,11,39.5,27,2,17.1,73.7,6.3,0,
172,Jonnu Smith,26,NWE,TE,16,11,45,28,294,10.5,1,15,40,28,1.8,18.4,62.2,6.5,1,
173,Ryan Griffin,31,NYJ,TE,14,12,42,27,261,9.7,2,14,50,29,1.9,18.6,64.3,6.2,1,
174,Samaje Perine,26,CIN,RB,16,0,31,27,196,7.3,1,9,35.5,23,1.7,12.3,87.1,6.3,0,
175,Adam Trautman,24,NOR,TE,13,10,43,27,263,9.7,2,13,46.5,32,2.1,20.2,62.8,6.1,1,
176,Sammy Watkins,28,BAL,WR,13,9,49,27,394,14.6,1,17,46.9,49,2.1,30.3,55.1,8,1,
177,Mark Ingram,32,2TM,RB,14,10,35,27,162,6,0,9,45.7,34,1.9,11.6,77.1,4.6,1,
177,Mark Ingram,32,HOU,RB,7,7,9,7,24,3.4,0,1,44.4,10,1,3.4,77.8,2.7,0,
177,Mark Ingram,32,NOR,RB,7,3,26,20,138,6.9,0,8,46.2,34,2.9,19.7,76.9,5.3,1,
178,Damiere Byrd,28,CHI,WR,17,4,38,26,329,12.7,1,18,57.9,54,1.5,19.4,68.4,8.7,1,
179,Hayden Hurst,28,ATL,TE,13,5,31,26,221,8.5,3,11,58.1,33,2,17,83.9,7.1,3,
180,Kyle Rudolph,32,NYG,TE,16,13,39,26,257,9.9,1,12,53.8,60,1.6,16.1,66.7,6.6,0,
181,Miles Sanders,24,PHI,RB,12,12,34,26,158,6.1,0,6,38.2,25,2.2,13.2,76.5,4.6,1,
182,Darius Slayton,24,NYG,WR,13,5,58,26,339,13,2,14,31,42,2,26.1,44.8,5.8,1,
183,Marquez Valdes-Scantling,27,GNB,WR,11,7,55,26,430,16.5,3,18,38.2,75,2.4,39.1,47.3,7.8,0,
184,Jamaal Williams,26,DET,RB,13,11,28,26,157,6,0,6,60.7,15,2,12.1,92.9,5.6,1,
185,Rex Burkhead,31,HOU,RB,16,5,32,25,186,7.4,0,9,46.9,20,1.6,11.6,78.1,5.8,1,
186,Josiah Deguara,24,GNB,TE,16,2,33,25,245,9.8,2,9,48.5,62,1.6,15.3,75.8,7.4,0,
187,Chuba Hubbard,22,CAR,RB,17,10,37,25,174,7,1,8,40.5,33,1.5,10.2,67.6,4.7,1,
188,Demarcus Robinson,27,KAN,WR,17,10,41,25,264,10.6,3,13,43.9,33,1.5,15.5,61,6.4,0,
189,Tajae Sharpe,27,ATL,WR,15,7,37,25,230,9.2,0,14,48.6,17,1.7,15.3,67.6,6.2,0,
190,Freddie Swain,23,SEA,WR,17,8,40,25,343,13.7,4,12,40,68,1.5,20.2,62.5,8.6,1,
191,Albert Wilson,29,MIA,WR,14,5,39,25,213,8.5,0,10,41,64,1.8,15.2,64.1,5.5,0,
192,Jamal Agnew,26,JAX,WR,10,2,39,24,229,9.5,1,14,48.7,29,2.4,22.9,61.5,5.9,1,
193,Jordan Akins,29,HOU,TE,13,3,33,24,214,8.9,0,11,57.6,31,1.8,16.5,72.7,6.5,2,
194,Mo Alie-Cox,28,IND,TE,17,7,45,24,316,13.2,4,14,42.2,37,1.4,18.6,53.3,7,1,
195,Danny Amendola,36,HOU,WR,8,0,38,24,248,10.3,3,10,47.4,39,3,31,63.2,6.5,1,
196,Tavon Austin,31,JAX,WR,13,3,37,24,213,8.9,1,11,45.9,25,1.8,16.4,64.9,5.8,1,
197,DeAndre Carter,28,WAS,WR,17,6,44,24,296,12.3,3,17,45.5,26,1.4,17.4,54.5,6.7,3,
198,Rashard Higgins,27,CLE,WR,15,4,47,24,275,11.5,1,16,46.8,21,1.6,18.3,51.1,5.9,0,
199,Jauan Jennings,24,SFO,WR,16,1,38,24,282,11.8,5,15,50,34,1.5,17.6,63.2,7.4,1,
200,James O'Shaughnessy,29,JAX,TE,7,6,34,24,244,10.2,0,10,52.9,30,3.4,34.9,70.6,7.2,0,
201,Henry Ruggs III,22,LVR,WR,7,7,36,24,469,19.5,2,16,58.3,61,3.4,67,66.7,13,0,
202,James Washington,25,PIT,WR,15,2,44,24,285,11.9,2,9,38.6,42,1.6,19,54.5,6.5,0,
203,Giovani Bernard,30,TAM,RB,12,0,29,23,123,5.3,3,8,44.8,32,1.9,10.3,79.3,4.2,1,
204,Pharaoh Brown,27,HOU,TE,15,12,34,23,171,7.4,0,6,35.3,29,1.5,11.4,67.6,5,1,
205,Jamycal Hasty,25,SFO,RB,11,0,29,23,157,6.8,0,7,51.7,23,2.1,14.3,79.3,5.4,2,
206,T.Y. Hilton,32,IND,WR,10,9,37,23,331,14.4,3,15,56.8,52,2.3,33.1,62.2,8.9,0,
207,Marcedes Lewis,37,GNB,TE,17,17,28,23,214,9.3,0,10,57.1,23,1.4,12.6,82.1,7.6,1,
208,Zack Moss,24,BUF,RB,13,0,32,23,197,8.6,1,12,53.1,24,1.8,15.2,71.9,6.2,2,
209,Chris Conley,29,HOU,WR,16,10,37,22,323,14.7,2,15,48.6,41,1.4,20.2,59.5,8.7,1,
210,Kareem Hunt,26,CLE,RB,8,1,27,22,174,7.9,0,10,51.9,23,2.8,21.8,81.5,6.4,0,
211,Justin Jackson,25,LAC,RB,14,2,25,22,178,8.1,0,8,68,25,1.6,12.7,88,7.1,1,
212,Harrison Bryant,23,CLE,TE,16,3,28,21,233,11.1,3,14,64.3,41,1.3,14.6,75,8.3,0,
213,DeeJay Dallas,23,SEA,RB,17,0,23,21,133,6.3,0,4,56.5,29,1.2,7.8,91.3,5.8,1,
214,Will Dissly,25,SEA,TE,15,14,26,21,231,11,1,11,61.5,39,1.4,15.4,80.8,8.9,1,
215,Sony Michel,26,LAR,RB,17,7,33,21,128,6.1,1,6,42.4,24,1.2,7.5,63.6,3.9,1,
216,Chris Moore,28,HOU,WR,12,1,22,21,227,10.8,2,6,54.5,67,1.8,18.9,95.5,10.3,0,
217,John Bates,24,WAS,TE,17,8,25,20,249,12.5,1,11,68,32,1.2,14.6,80,10,1,
218,Nick Chubb,26,CLE,RB,14,14,25,20,174,8.7,1,9,52,40,1.4,12.4,80,7,2,PB
219,Marquise Goodwin,31,CHI,WR,14,2,40,20,313,15.7,1,12,45,50,1.4,22.4,50,7.8,1,
220,Brevin Jordan,21,HOU,TE,9,2,28,20,178,8.9,3,10,53.6,27,2.2,19.8,71.4,6.4,0,
221,Isaiah McKenzie,26,BUF,WR,15,2,26,20,178,8.9,1,13,61.5,28,1.3,11.9,76.9,6.8,2,
222,Donald Parham,24,LAC,TE,14,9,27,20,190,9.5,3,13,55.6,22,1.4,13.6,74.1,7,0,
223,Tommy Tremble,21,CAR,TE,16,11,35,20,180,9,1,10,40,30,1.3,11.3,57.1,5.1,0,
224,DeSean Jackson,35,2TM,WR,16,4,34,20,454,22.7,2,12,52.9,75,1.3,28.4,58.8,13.4,1,
224,DeSean Jackson,35,LAR,WR,7,0,15,8,221,27.6,1,4,40,75,1.1,31.6,53.3,14.7,0,
224,DeSean Jackson,35,LVR,WR,9,4,19,12,233,19.4,1,8,63.2,56,1.3,25.9,63.2,12.3,1,
225,Clyde Edwards-Helaire,22,KAN,RB,10,10,23,19,129,6.8,2,8,56.5,29,1.9,12.9,82.6,5.6,2,
226,Zach Gentry,25,PIT,TE,17,12,25,19,167,8.8,0,11,48,25,1.1,9.8,76,6.7,0,
227,Dontrell Hilliard,26,TEN,RB,8,5,26,19,87,4.6,0,7,34.6,28,2.4,10.9,73.1,3.3,2,
228,D'Ernest Johnson,25,CLE,RB,17,2,25,19,137,7.2,0,7,44,18,1.1,8.1,76,5.5,1,
229,Elijah Mitchell,23,SFO,RB,11,10,20,19,137,7.2,1,6,50,14,1.7,12.5,95,6.9,0,
230,Antoine Wesley,24,ARI,WR,15,4,32,19,208,10.9,3,9,46.9,33,1.3,13.9,59.4,6.5,0,
231,Demetric Felton,23,CLE,WR,16,2,21,18,181,10.1,2,10,57.1,33,1.1,11.3,85.7,8.6,4,
232,Damien Harris,24,NWE,RB,15,15,21,18,132,7.3,0,4,61.9,21,1.2,8.8,85.7,6.3,2,
233,Derrick Henry,27,TEN,RB,8,8,20,18,154,8.6,0,7,80,16,2.3,19.3,90,7.7,1,
234,Ian Thomas,25,CAR,TE,17,13,30,18,188,10.4,0,6,43.3,41,1.1,11.1,60,6.3,0,
235,Logan Thomas,30,WAS,TE,6,6,25,18,196,10.9,3,10,64,35,3,32.7,72,7.8,1,
236,Robert Tonyan,27,GNB,TE,8,5,29,18,204,11.3,2,10,44.8,33,2.3,25.5,62.1,7,0,
237,Brandon Zylstra,28,CAR,WR,13,3,25,18,250,13.9,1,10,60,55,1.4,19.2,72,10,0,
238,C.J. Ham,28,MIN,FB,17,8,18,17,125,7.4,0,6,55.6,27,1,7.4,94.4,6.9,0,
239,Terrace Marshall Jr.,21,CAR,WR,13,3,30,17,138,8.1,0,7,36.7,23,1.3,10.6,56.7,4.6,0,
240,Stephen Anderson,28,LAC,TE,17,4,19,16,165,10.3,1,9,63.2,34,0.9,9.7,84.2,8.7,0,
241,Noah Brown,25,DAL,WR,13,1,25,16,184,11.5,0,6,52,27,1.2,14.2,64,7.4,0,
242,Travis Homer,23,SEA,RB,14,0,20,16,161,10.1,0,8,50,31,1.1,11.5,80,8.1,0,
243,Tyler Kroft,29,NYJ,TE,9,6,25,16,173,10.8,1,9,48,26,1.8,19.2,64,6.9,0,
244,Ty Montgomery,28,NOR,WR,14,3,26,16,95,5.9,0,5,38.5,21,1.1,6.8,61.5,3.7,0,
245,James Proche,25,BAL,WR,14,0,20,16,202,12.6,0,10,80,32,1.1,14.4,80,10.1,0,
246,Damien Williams,29,CHI,RB,12,2,23,16,103,6.4,1,3,30.4,23,1.3,8.6,69.6,4.5,0,
247,Maxx Williams,27,ARI,TE,5,5,17,16,193,12.1,1,9,88.2,34,3.2,38.6,94.1,11.4,0,
248,Quintez Cephus,23,DET,WR,5,3,22,15,204,13.6,2,9,54.5,46,3,40.8,68.2,9.3,0,
249,Chris Evans,24,CIN,RB,14,1,17,15,151,10.1,2,6,58.8,24,1.1,10.8,88.2,8.9,0,
250,Kendall Hinton,24,DEN,WR,16,1,23,15,175,11.7,1,10,65.2,40,0.9,10.9,65.2,7.6,0,
251,Mohamed Sanu,32,SFO,WR,8,0,24,15,177,11.8,0,12,54.2,21,1.9,22.1,62.5,7.4,0,
252,Cam Sims,25,WAS,WR,14,3,23,15,211,14.1,2,11,60.9,43,1.1,15.1,65.2,9.2,0,
253,JuJu Smith-Schuster,25,PIT,WR,5,5,28,15,129,8.6,0,6,39.3,24,3,25.8,53.6,4.6,0,
254,Jimmy Graham,35,CHI,TE,15,6,23,14,167,11.9,3,10,47.8,28,0.9,11.1,60.9,7.3,0,
255,Khalil Herbert,23,CHI,RB,17,2,16,14,96,6.9,0,6,50,20,0.8,5.6,87.5,6,1,
256,Mack Hollins,28,MIA,WR,17,3,28,14,223,15.9,4,11,46.4,65,0.8,13.1,50,8,0,
257,O.J. Howard,27,TAM,TE,17,9,21,14,135,9.6,1,10,61.9,21,0.8,7.9,66.7,6.4,0,
258,MyCole Pruitt,29,TEN,TE,16,9,18,14,145,10.4,3,10,72.2,22,0.9,9.1,77.8,8.1,0,
259,Rhamondre Stevenson,23,NWE,RB,12,2,18,14,123,8.8,0,3,50,41,1.2,10.3,77.8,6.8,2,
260,Ashton Dulin,24,IND,WR,17,1,22,13,173,13.3,2,9,45.5,62,0.8,10.2,59.1,7.9,0,AP-2
261,KhaDarel Hodge,26,DET,WR,16,1,27,13,157,12.1,0,7,40.7,42,0.8,9.8,48.1,5.8,0,
262,Lil'Jordan Humphrey,23,NOR,WR,10,4,18,13,249,19.2,2,9,66.7,56,1.3,24.9,72.2,13.8,0,
263,Juwan Johnson,25,NOR,WR,14,2,22,13,159,12.2,4,12,54.5,27,0.9,11.4,59.1,7.2,0,
264,Jerick McKinnon,29,KAN,RB,13,0,20,13,107,8.2,1,6,45,14,1,8.2,65,5.4,0,
265,Dare Ogunbowale,27,JAX,RB,17,2,21,13,114,8.8,1,3,33.3,28,0.8,6.7,61.9,5.4,0,
266,Boston Scott,26,PHI,RB,16,4,16,13,83,6.4,0,3,37.5,19,0.8,5.2,81.3,5.2,1,
267,Salvon Ahmed,23,MIA,RB,12,0,19,12,117,9.8,0,4,63.2,18,1,9.8,63.2,6.2,0,
268,Dyami Brown,22,WAS,WR,15,6,25,12,165,13.8,0,6,36,48,0.8,11,48,6.6,0,
269,Eric Ebron,28,PIT,TE,8,3,18,12,84,7,1,6,50,19,1.5,10.5,66.7,4.7,0,
270,Isaiah Ford,25,MIA,WR,13,2,17,12,161,13.4,2,7,52.9,52,0.9,12.4,70.6,9.5,0,
271,N'Keal Harry,24,NWE,WR,12,4,22,12,184,15.3,0,7,50,43,1,15.3,54.5,8.4,1,
272,Carlos Hyde,31,JAX,RB,12,2,21,12,65,5.4,0,1,38.1,9,1,5.4,57.1,3.1,2,
273,Jalen Richard,28,LVR,RB,10,0,14,12,72,6,0,4,64.3,19,1.2,7.2,85.7,5.1,0,
274,Adam Shaheen,27,MIA,TE,12,7,16,12,110,9.2,0,5,62.5,21,1,9.2,75,6.9,0,
275,Malik Turner,25,DAL,WR,14,0,16,12,149,12.4,3,8,62.5,61,0.9,10.6,75,9.3,0,
276,James White,29,NWE,RB,3,0,14,12,94,7.8,0,5,42.9,28,4,31.3,85.7,6.7,0,
277,Brock Wright,23,DET,TE,10,5,17,12,117,9.8,2,6,47.1,36,1.2,11.7,70.6,6.9,0,
278,Tevin Coleman,28,NYJ,RB,11,5,16,11,49,4.5,0,2,37.5,11,1,4.5,68.8,3.1,0,
279,Kylen Granson,23,IND,TE,17,0,15,11,106,9.6,0,4,60,27,0.6,6.2,73.3,7.1,0,
280,Blake Jarwin,27,DAL,TE,8,5,17,11,96,8.7,2,5,58.8,20,1.4,12,64.7,5.6,0,
281,Collin Johnson,24,NYG,WR,12,1,21,11,105,9.5,0,6,42.9,16,0.9,8.8,52.4,5,0,
282,Breshad Perriman,28,TAM,WR,6,0,18,11,167,15.2,1,5,50,58,1.8,27.8,61.1,9.3,0,
283,John Ross,26,NYG,WR,10,1,20,11,224,20.4,1,8,55,51,1.1,22.4,55,11.2,1,
284,Drew Sample,25,CIN,TE,17,8,15,11,81,7.4,0,3,40,19,0.6,4.8,73.3,5.4,0,
285,Ben Skowronek,24,LAR,WR,14,1,20,11,133,12.1,0,7,40,35,0.8,9.5,55,6.7,0,
286,Jakeem Grant,29,2TM,WR,15,0,17,11,132,12,2,7,47.1,46,0.7,8.8,64.7,7.8,3,"PB,AP-2"
286,Jakeem Grant,29,MIA,WR,4,0,2,2,-7,-3.5,0,0,0,,0.5,-1.8,100,-3.5,2,
286,Jakeem Grant,29,CHI,WR,11,0,15,9,139,15.4,2,7,53.3,46,0.8,12.6,60,9.3,1,
287,Peyton Barber,27,LVR,RB,10,1,13,10,67,6.7,0,3,30.8,23,1,6.7,76.9,5.2,2,
288,Trinity Benson,24,DET,WR,8,2,22,10,103,10.3,0,4,36.4,24,1.3,12.9,45.5,4.7,0,
289,Parris Campbell,24,IND,WR,6,3,20,10,162,16.2,1,7,35,51,1.7,27,50,8.1,0,
290,D'Wayne Eskridge,24,SEA,WR,10,0,20,10,64,6.4,1,4,30,17,1,6.4,50,3.2,0,
291,Cyril Grayson,28,TAM,WR,5,3,12,10,212,21.2,2,8,83.3,62,2,42.4,83.3,17.7,0,
292,Alec Ingold,25,LVR,FB,9,3,12,10,85,8.5,1,4,75,29,1.1,9.4,83.3,7.1,0,
293,Ronald Jones II,24,TAM,RB,16,3,13,10,64,6.4,0,2,61.5,15,0.6,4,76.9,4.9,2,
294,Latavius Murray,31,BAL,RB,14,6,13,10,75,7.5,0,2,53.8,18,0.7,5.4,76.9,5.8,0,
295,Jaret Patterson,22,WAS,RB,17,1,11,10,73,7.3,0,5,54.5,12,0.6,4.3,90.9,6.6,1,
296,Dante Pettis,26,NYG,WR,3,0,16,10,87,8.7,1,5,31.3,27,3.3,29,62.5,5.4,1,
297,Anthony Schwartz,21,CLE,WR,14,2,23,10,135,13.5,1,6,34.8,44,0.7,9.6,43.5,5.9,0,
298,Dede Westbrook,28,MIN,WR,15,0,15,10,68,6.8,0,3,46.7,17,0.7,4.5,66.7,4.5,2,
299,Royce Freeman,25,2TM,RB,15,0,16,10,77,7.7,0,4,56.3,12,0.7,5.1,62.5,4.8,0,
299,Royce Freeman,25,CAR,RB,8,0,6,3,15,5,0,0,33.3,8,0.4,1.9,50,2.5,0,
299,Royce Freeman,25,HOU,RB,7,0,10,7,62,8.9,0,4,70,12,1,8.9,70,6.2,0,
300,Blake Bell,30,KAN,TE,16,5,13,9,87,9.7,0,4,53.8,24,0.6,5.4,69.2,6.7,0,
301,Alex Collins,27,SEA,RB,11,6,10,9,87,9.7,0,3,60,28,0.8,7.9,90,8.7,1,
302,D'Onta Foreman,25,TEN,RB,9,3,11,9,123,13.7,0,6,72.7,39,1,13.7,81.8,11.2,2,
303,Jacob Hollister,28,JAX,TE,7,2,14,9,55,6.1,1,2,57.1,11,1.3,7.9,64.3,3.9,0,
304,Marcus Johnson,27,TEN,WR,7,3,19,9,160,17.8,0,7,42.1,50,1.3,22.9,47.4,8.4,0,
305,Dax Milne,22,WAS,WR,13,1,14,9,83,9.2,0,4,42.9,22,0.7,6.4,64.3,5.9,1,
306,Josh Oliver,24,BAL,TE,14,1,15,9,66,7.3,0,4,40,19,0.6,4.7,60,4.4,1,
307,Elijhaa Penny,28,NYG,RB,17,3,13,9,30,3.3,1,4,30.8,16,0.5,1.8,69.2,2.3,0,
308,Trent Sherfield,25,SFO,WR,17,1,20,9,87,9.7,1,7,40,18,0.5,5.1,45,4.4,0,
309,Keith Smith,29,ATL,FB,17,8,10,9,56,6.2,0,3,60,11,0.5,3.3,90,5.6,0,
310,Lee Smith,34,ATL,TE,16,6,11,9,65,7.2,1,3,54.5,22,0.6,4.1,81.8,5.9,0,
311,Equanimeous St. Brown,25,GNB,WR,13,2,17,9,98,10.9,0,6,47.1,26,0.7,7.5,52.9,5.8,0,
312,Tommy Sweeney,26,BUF,TE,13,3,12,9,44,4.9,1,3,33.3,13,0.7,3.4,75,3.7,1,
313,Nick Vannett,28,NOR,TE,7,2,15,9,133,14.8,1,7,60,30,1.3,19,60,8.9,0,
314,Ty'Son Williams,25,BAL,RB,13,3,12,9,84,9.3,0,4,58.3,21,0.7,6.5,75,7,1,
315,Derrick Gore,27,KAN,RB,11,0,9,8,105,13.1,0,3,77.8,50,0.7,9.5,88.9,11.7,0,
316,Denzel Mims,24,NYJ,WR,11,3,23,8,133,16.6,0,5,34.8,40,0.7,12.1,34.8,5.8,0,
317,Patrick Ricard,27,BAL,FB,13,11,13,8,63,7.9,1,3,38.5,22,0.6,4.8,61.5,4.8,0,PB
318,Eric Saubert,27,DEN,TE,17,4,12,8,47,5.9,1,2,58.3,11,0.5,2.8,66.7,3.9,0,
319,Jeff Smith,24,NYJ,WR,12,3,17,8,113,14.1,0,6,35.3,35,0.7,9.4,47.1,6.6,0,
320,Juwann Winfree,25,GNB,WR,7,0,13,8,58,7.3,0,5,46.2,12,1.1,8.3,61.5,4.5,2,
321,Matt Breida,26,BUF,RB,9,0,9,7,72,10.3,2,4,66.7,23,0.8,8,77.8,8,1,
322,DJ Chark,25,JAX,WR,4,4,22,7,154,22,2,7,31.8,41,1.8,38.5,31.8,7,0,
323,Luke Farrell,24,JAX,TE,15,4,11,7,56,8,0,3,54.5,21,0.5,3.7,63.6,5.1,1,
324,Noah Gray,22,KAN,TE,16,1,10,7,36,5.1,1,2,40,8,0.4,2.3,70,3.6,0,
325,Penny Hart,25,SEA,WR,17,0,12,7,59,8.4,0,3,41.7,16,0.4,3.5,58.3,4.9,0,
326,Godwin Igwebuike,27,DET,RB,17,1,10,7,60,8.6,0,4,40,18,0.4,3.5,70,6,2,
327,Jesse James,27,CHI,TE,14,9,8,7,62,8.9,1,3,50,19,0.5,4.4,87.5,7.8,0,
328,Craig Reynolds,25,DET,RB,5,2,8,7,52,7.4,0,3,62.5,14,1.4,10.4,87.5,6.5,0,
329,Greg Ward,26,PHI,WR,17,0,11,7,95,13.6,3,4,54.5,27,0.4,5.6,63.6,8.6,0,
330,Jeff Wilson,26,SFO,RB,9,4,8,7,31,4.4,0,1,37.5,11,0.8,3.4,87.5,3.9,1,
331,Phillip Dorsett,28,3TM,WR,6,0,14,7,110,15.7,0,3,42.9,36,1.2,18.3,50,7.9,0,
331,Phillip Dorsett,28,JAX,WR,1,0,1,0,0,,0,0,0,,0,0,0,0,0,
331,Phillip Dorsett,28,SEA,WR,2,0,1,1,3,3,0,0,100,3,0.5,1.5,100,3,0,
331,Phillip Dorsett,28,HOU,WR,3,0,12,6,107,17.8,0,3,41.7,36,2,35.7,50,8.9,0,
332,Eno Benjamin,22,ARI,RB,9,0,7,6,42,7,0,4,71.4,12,0.7,4.7,85.7,6,0,
333,Chris Carson,27,SEA,RB,4,4,6,6,29,4.8,0,1,66.7,16,1.5,7.3,100,4.8,1,
334,Corey Clement,27,DAL,RB,17,0,7,6,29,4.8,1,1,28.6,8,0.4,1.7,85.7,4.1,0,
335,Jaelon Darden,22,TAM,WR,9,0,12,6,43,7.2,0,1,16.7,29,0.7,4.8,50,3.6,0,
336,Tom Kennedy,25,DET,WR,12,0,10,6,54,9,0,2,50,15,0.5,4.5,60,5.4,0,
337,Chris Manhertz,29,JAX,TE,17,10,9,6,71,11.8,1,4,66.7,22,0.4,4.2,66.7,7.9,0,
338,Tre' McKitty,22,LAC,TE,11,4,8,6,45,7.5,0,3,62.5,12,0.5,4.1,75,5.6,0,
339,Rashaad Penny,25,SEA,RB,10,6,8,6,48,8,0,3,37.5,27,0.6,4.8,75,6,0,
340,Curtis Samuel,25,WAS,WR,5,1,9,6,27,4.5,0,4,44.4,10,1.2,5.4,66.7,3,0,
341,Shi Smith,23,CAR,WR,6,0,11,6,104,17.3,0,3,45.5,63,1,17.3,54.5,9.5,0,
342,Kenny Stills,29,NOR,WR,13,4,23,6,68,11.3,1,4,26.1,22,0.5,5.2,26.1,3,0,
343,Preston Williams,24,MIA,WR,8,3,16,6,71,11.8,0,3,25,34,0.8,8.9,37.5,4.4,0,
344,Anthony Miller,27,2TM,WR,3,1,12,6,25,4.2,1,3,25,10,2,8.3,50,2.1,0,
344,Anthony Miller,27,HOU,WR,2,1,11,5,23,4.6,1,3,27.3,10,2.5,11.5,45.5,2.1,0,
344,Anthony Miller,27,PIT,WR,1,0,1,1,2,2,0,0,0,2,1,2,100,2,0,
345,Antony Auclair,28,HOU,TE,16,13,5,5,47,9.4,1,2,100,15,0.3,2.9,100,9.4,0,
346,Dez Fitzpatrick,24,TEN,WR,4,0,8,5,49,9.8,1,4,50,18,1.3,12.3,62.5,6.1,0,
347,Jody Fortson,26,KAN,TE,6,0,5,5,47,9.4,2,3,80,27,0.8,7.8,100,9.4,0,
348,Josh Gordon,30,KAN,WR,12,7,14,5,32,6.4,1,3,28.6,11,0.4,2.7,35.7,2.3,0,
349,KJ Hamler,22,DEN,WR,3,2,10,5,74,14.8,0,4,40,28,1.7,24.7,50,7.4,0,
350,Parker Hesse,26,ATL,DE,8,1,6,5,43,8.6,0,3,83.3,17,0.6,5.4,83.3,7.2,0,
351,Tony Jones,24,NOR,RB,11,4,8,5,29,5.8,0,2,50,19,0.5,2.6,62.5,3.6,0,
352,Joshua Kelley,24,LAC,RB,10,0,6,5,38,7.6,0,1,50,17,0.5,3.8,83.3,6.3,1,
353,Scott Miller,24,TAM,WR,9,0,9,5,38,7.6,0,2,33.3,13,0.6,4.2,55.6,4.2,0,
354,Colby Parkinson,22,SEA,TE,14,1,8,5,33,6.6,0,2,37.5,12,0.4,2.4,62.5,4.1,0,
355,Rodney Smith,25,CAR,RB,2,0,5,5,48,9.6,0,2,100,17,2.5,24,100,9.6,0,
356,Ihmir Smith-Marsette,22,MIN,WR,8,1,6,5,116,23.2,2,4,83.3,44,0.6,14.5,83.3,19.3,0,
357,Mike Thomas,27,CIN,WR,12,1,11,5,52,10.4,0,3,36.4,19,0.4,4.3,45.5,4.7,0,
358,Cody White,23,PIT,WR,15,0,6,5,33,6.6,0,3,83.3,11,0.3,2.2,83.3,5.5,0,
359,Charlie Woerner,24,SFO,TE,17,3,6,5,52,10.4,0,3,50,27,0.3,3.1,83.3,8.7,0,
360,Le'Veon Bell,29,2TM,RB,8,0,7,5,30,6,1,3,42.9,15,0.6,3.8,71.4,4.3,0,
360,Le'Veon Bell,29,BAL,RB,5,0,3,1,-1,-1,0,0,0,,0.2,-0.2,33.3,-0.3,0,
360,Le'Veon Bell,29,TAM,RB,3,0,4,4,31,7.8,1,3,75,15,1.3,10.3,100,7.8,0,
361,Christian Blake,25,ATL,WR,16,0,9,4,25,6.3,0,2,33.3,8,0.3,1.6,44.4,2.8,0,
362,Kendall Blanton,26,LAR,TE,11,2,7,4,37,9.3,0,2,28.6,23,0.4,3.4,57.1,5.3,1,
363,C.J. Board,28,NYG,WR,6,1,6,4,51,12.8,0,3,50,38,0.7,8.5,66.7,8.5,0,
364,Ja'Marcus Bradley,25,CLE,WR,5,0,4,4,64,16,0,2,50,37,0.8,12.8,100,16,0,
365,Jason Cabinda,25,DET,LB,14,4,7,4,16,4,1,2,28.6,6,0.3,1.1,57.1,2.3,0,
366,Pharoh Cooper,26,NYG,WR,8,0,11,4,33,8.3,0,1,18.2,15,0.5,4.1,36.4,3,0,
367,Tyler Davis,24,GNB,TE,14,0,5,4,35,8.8,0,1,60,22,0.3,2.5,80,7,0,
368,Ross Dwelley,26,SFO,TE,17,2,5,4,51,12.8,1,2,40,21,0.2,3,80,10.2,0,
369,Darren Fells,35,DET,TE,7,5,5,4,43,10.8,0,2,60,24,0.6,6.1,80,8.6,0,
370,Will Fuller,27,MIA,WR,2,0,8,4,26,6.5,0,3,37.5,10,2,13,50,3.3,0,
371,Garrett Griffin,27,NOR,TE,13,6,4,4,39,9.8,0,2,75,14,0.3,3,100,9.8,1,
372,Chris Herndon,25,MIN,FB,16,5,7,4,40,10,1,4,57.1,17,0.3,2.5,57.1,5.7,0,
373,Taysom Hill,31,NOR,QB/WR,12,9,6,4,52,13,0,4,66.7,15,0.3,4.3,66.7,8.7,2,
374,Chris Hogan,34,NOR,WR,5,1,8,4,41,10.3,1,2,50,16,0.8,8.2,50,5.1,0,
375,Cody Hollister,28,TEN,WR,3,1,7,4,33,8.3,0,4,57.1,14,1.3,11,57.1,4.7,0,
376,Jermar Jefferson,21,DET,RB,7,0,5,4,23,5.8,0,2,60,11,0.6,3.3,80,4.6,0,
377,Duke Johnson,28,MIA,RB,5,4,5,4,41,10.3,0,3,80,20,0.8,8.2,80,8.2,0,
378,Jakob Johnson,27,NWE,FB,17,6,5,4,43,10.8,0,2,60,29,0.2,2.5,80,8.6,0,
379,Sean McKeon,24,DAL,TE,9,2,6,4,27,6.8,1,2,33.3,12,0.4,3,66.7,4.5,0,
380,Kene Nwangwu,23,MIN,RB,11,0,5,4,9,2.3,0,0,20,6,0.4,0.8,80,1.8,0,
381,Qadree Ollison,25,ATL,RB,8,0,6,4,12,3,0,1,33.3,8,0.5,1.5,66.7,2,1,
382,Adrian Peterson,36,2TM,RB,4,3,4,4,8,2,0,0,25,5,1,2,100,2,1,
382,Adrian Peterson,36,TEN,RB,3,2,4,4,8,2,0,0,25,5,1.3,2.7,100,2,0,
382,Adrian Peterson,36,SEA,RB,1,1,0,0,0,,0,0,,,0,0,,,1,
383,Amari Rodgers,22,GNB,WR,16,1,8,4,45,11.3,0,2,50,19,0.3,2.8,50,5.6,2,
384,Wendell Smallwood,27,WAS,RB,3,0,5,4,22,5.5,0,0,40,7,1.3,7.3,80,4.4,0,
385,Jack Stoll,23,PHI,TE,16,5,5,4,22,5.5,0,0,40,9,0.3,1.4,80,4.4,0,
386,J.J. Taylor,23,NWE,RB,5,0,4,4,8,2,0,0,50,5,0.8,1.6,100,2,1,
387,Ke'Shawn Vaughn,24,TAM,RB,12,1,8,4,26,6.5,0,1,50,8,0.3,2.2,50,3.3,0,
388,Kristian Wilkerson,24,NWE,WR,3,1,8,4,42,10.5,2,2,50,20,1.3,14,50,5.3,0,
389,Jonathan Williams,27,WAS,RB,5,0,6,4,28,7,0,2,33.3,19,0.8,5.6,66.7,4.7,0,
390,Phillip Lindsay,27,2TM,RB,14,1,5,4,45,11.3,1,1,80,22,0.3,3.2,80,9,0,
390,Phillip Lindsay,27,HOU,RB,10,1,4,3,37,12.3,1,1,75,22,0.3,3.7,75,9.3,0,
390,Phillip Lindsay,27,MIA,RB,4,0,1,1,8,8,0,0,100,8,0.3,2,100,8,0,
391,Willie Snead,29,2TM,WR,9,0,8,4,38,9.5,0,3,37.5,15,0.4,4.2,50,4.8,0,
391,Willie Snead,29,LVR,WR,7,0,5,3,32,10.7,0,3,60,15,0.4,4.6,60,6.4,0,
391,Willie Snead,29,CAR,WR,2,0,3,1,6,6,0,0,0,6,0.5,3,33.3,2,0,
392,Cam Akers,22,LAR,RB,1,0,3,3,10,3.3,0,0,0,6,3,10,100,3.3,0,
393,Ryquell Armstead,25,JAX,RB,2,0,4,3,16,5.3,0,1,50,9,1.5,8,75,4,0,
394,Malcolm Brown,28,MIA,RB,7,3,5,3,10,3.3,0,0,40,7,0.4,1.4,60,2,0,
395,Michael Burton,29,KAN,RB,16,0,3,3,31,10.3,0,2,66.7,20,0.2,1.9,100,10.3,0,
396,Greg Dortch,23,ARI,WR,5,2,3,3,15,5,0,0,66.7,10,0.6,3,100,5,0,
397,Alex Erickson,29,CAR,WR,17,0,4,3,55,18.3,0,2,50,25,0.2,3.2,75,13.8,0,
398,Reggie Gilliam,24,BUF,FB,16,5,5,3,23,7.7,0,0,60,8,0.2,1.4,60,4.6,0,
399,Demetrius Harris,30,ARI,TE,14,4,6,3,10,3.3,0,0,16.7,7,0.2,0.7,50,1.7,0,
400,K.J. Hill,24,LAC,CB,6,0,3,3,30,10,0,1,66.7,19,0.5,5,100,10,0,
401,Tommy Hudson,24,TEN,TE,5,0,6,3,31,10.3,0,2,33.3,14,0.6,6.2,50,5.2,0,
402,Tyree Jackson,24,PHI,TE,9,3,7,3,22,7.3,1,2,42.9,13,0.3,2.4,42.9,3.1,0,
403,Andy Janovich,28,CLE,RB,13,3,4,3,9,3,0,1,25,3,0.2,0.7,75,2.3,0,
404,Keith Kirkwood,27,CAR,WR,3,0,7,3,17,5.7,0,1,28.6,7,1,5.7,42.9,2.4,0,
405,Patrick Laird,26,MIA,RB,6,0,3,3,17,5.7,0,2,66.7,10,0.5,2.8,100,5.7,0,
406,D.J. Montgomery,25,NYJ,WR,3,0,6,3,36,12,0,2,33.3,14,1,12,50,6,0,
407,Jason Moore,26,LAC,WR,2,1,4,3,56,18.7,0,3,75,24,1.5,28,75,14,0,
408,Chris Myarick,26,NYG,TE,8,3,6,3,17,5.7,1,2,50,10,0.4,2.1,50,2.8,0,
409,Gabe Nabers,24,LAC,FB,10,1,3,3,17,5.7,0,0,66.7,8,0.3,1.7,100,5.7,0,
410,Adam Prentice,24,NOR,FB,7,3,3,3,16,5.3,0,1,33.3,10,0.4,2.3,100,5.3,0,
411,Jaylen Samuels,25,HOU,RB,3,0,4,3,14,4.7,0,1,50,6,1,4.7,75,3.5,0,
412,Trey Sermon,22,SFO,RB,9,2,4,3,26,8.7,0,1,25,23,0.3,2.9,75,6.5,0,
413,Kaden Smith,24,NYG,TE,9,4,3,3,33,11,0,1,66.7,21,0.3,3.7,100,11,0,
414,Jeremy Sprinkle,27,DAL,TE,17,4,3,3,31,10.3,0,2,100,11,0.2,1.8,100,10.3,0,
415,Auden Tate,24,CIN,WR,7,0,4,3,39,13,1,3,75,18,0.4,5.6,75,9.8,0,
416,Jonathan Ward,24,ARI,RB,13,0,4,3,34,11.3,0,1,50,23,0.2,2.6,75,8.5,0,
417,Derek Watt,29,PIT,FB,17,4,3,3,15,5,0,0,33.3,9,0.2,0.9,100,5,0,
418,Trevon Wesco,26,NYJ,TE,12,7,5,3,35,11.7,0,2,60,19,0.3,2.9,60,7,0,
419,Mitchell Wilcox,25,CIN,TE,15,1,5,3,16,5.3,0,0,20,8,0.2,1.1,60,3.2,0,
420,Shane Zylstra,25,DET,TE,4,0,7,3,34,11.3,0,2,42.9,16,0.8,8.5,42.9,4.9,0,
421,JJ Arcega-Whiteside,25,PHI,WR,16,2,5,2,36,18,0,2,40,23,0.1,2.3,40,7.2,0,
422,Kalen Ballage,26,PIT,RB,17,0,7,2,8,4,0,0,14.3,6,0.1,0.5,28.6,1.1,0,
423,Cameron Batson,26,TEN,WR,4,0,5,2,15,7.5,1,2,40,13,0.5,3.8,40,3,0,
424,Khari Blasingame,25,TEN,RB,11,3,2,2,4,2,0,0,50,5,0.2,0.4,100,2,1,
425,Reggie Bonnafon,25,CAR,RB,4,0,2,2,12,6,0,1,100,6,0.5,3,100,6,0,
426,Mike Boone,26,DEN,RB,8,0,2,2,22,11,0,1,50,19,0.3,2.8,100,11,0,
427,Daniel Brown,29,NYJ,WR,12,0,2,2,29,14.5,0,1,50,24,0.2,2.4,100,14.5,0,
428,Derek Carrier,31,LVR,TE,5,1,2,2,13,6.5,0,0,100,9,0.4,2.6,100,6.5,0,
429,Cethan Carter,26,MIA,TE,16,1,2,2,16,8,0,0,100,8,0.1,1,100,8,0,
430,Dominique Dafney,24,GNB,TE,10,2,4,2,34,17,0,2,50,26,0.2,3.4,50,8.5,0,
431,Taylor Decker,28,DET,LT,9,9,2,2,4,2,1,1,50,6,0.2,0.4,100,2,0,
432,Darrynton Evans,23,TEN,RB,1,0,2,2,11,5.5,0,1,100,6,2,11,100,5.5,0,
433,Jesper Horsted,24,CHI,WR,7,0,3,2,21,10.5,2,2,66.7,19,0.3,3,66.7,7,0,
434,Jordan Howard,27,PHI,RB,7,0,5,2,19,9.5,0,2,40,10,0.3,2.7,40,3.8,0,
435,Trenton Irwin,26,CIN,WR,7,0,5,2,34,17,0,1,20,25,0.3,4.9,40,6.8,0,
436,Tyron Johnson,25,JAX,WR,5,0,5,2,16,8,0,1,40,10,0.4,3.2,40,3.2,0,
437,Marcus Kemp,26,KAN,WR,16,0,5,2,24,12,0,1,40,16,0.1,1.5,40,4.8,0,
438,Jake Kumerow,29,BUF,WR,15,2,6,2,28,14,0,2,33.3,15,0.1,1.9,33.3,4.7,0,
439,Marlon Mack,25,IND,RB,6,0,5,2,8,4,0,0,20,7,0.3,1.3,40,1.6,0,
440,Racey McMath,22,TEN,WR,9,0,6,2,8,4,0,0,16.7,9,0.2,0.9,33.3,1.3,1,
441,Jaydon Mickens,27,JAX,WR,6,0,3,2,10,5,0,1,33.3,12,0.3,1.7,66.7,3.3,1,
442,Stanley Morgan Jr.,25,CIN,WR,17,1,4,2,11,5.5,0,0,25,8,0.1,0.6,50,2.8,0,
443,Dazz Newsome,22,CHI,WR,3,1,5,2,23,11.5,0,1,20,13,0.7,7.7,40,4.6,0,
444,Gunner Olszewski,25,NWE,WR,16,0,3,2,31,15.5,0,2,66.7,22,0.1,1.9,66.7,10.3,3,
445,Dezmon Patmon,23,IND,WR,8,0,4,2,21,10.5,1,1,50,14,0.3,2.6,50,5.3,0,
446,Scottie Phillips,24,HOU,RB,3,0,3,2,9,4.5,0,0,33.3,8,0.7,3,66.7,3,0,
447,Kevin Rader,26,PIT,TE,6,1,3,2,8,4,0,0,33.3,7,0.3,1.3,66.7,2.7,0,
448,Trey Ragas,25,LVR,RB,1,0,2,2,6,3,0,0,50,4,2,6,100,3,0,
449,Richard Rodgers,29,PHI,TE,3,0,2,2,11,5.5,0,0,50,9,0.7,3.7,100,5.5,0,
450,C.J. Saunders,25,CAR,WR,2,0,2,2,11,5.5,0,1,50,8,1,5.5,100,5.5,0,
451,David Sills V,25,NYG,WR,4,1,6,2,17,8.5,0,1,33.3,12,0.5,4.3,33.3,2.8,0,
452,Benny Snell Jr.,23,PIT,RB,17,0,4,2,13,6.5,0,0,25,7,0.1,0.8,50,3.3,0,
453,Johnny Stanton,27,CLE,RB,4,0,2,2,7,3.5,1,1,50,6,0.5,1.8,100,3.5,0,
454,Luke Stocker,33,MIN,TE,12,0,2,2,12,6,0,0,100,7,0.2,1,100,6,0,
455,Mike Strachan,24,IND,WR,6,0,3,2,26,13,0,2,66.7,16,0.3,4.3,66.7,8.7,0,
456,Malik Taylor,26,GNB,WR,10,0,3,2,14,7,0,1,66.7,7,0.2,1.4,66.7,4.7,1,
457,Patrick Taylor,23,GNB,RB,9,0,2,2,3,1.5,0,1,50,3,0.2,0.3,100,1.5,0,
458,Trent Taylor,27,CIN,WR,4,0,3,2,41,20.5,0,2,66.7,26,0.5,10.3,66.7,13.7,0,
459,Tylan Wallace,22,BAL,WR,17,1,6,2,23,11.5,0,1,33.3,18,0.1,1.4,33.3,3.8,0,
460,Austin Walter,25,NYJ,RB,4,0,3,2,9,4.5,0,1,33.3,11,0.5,2.3,66.7,3,0,
461,Dwayne Washington,27,NOR,RB,14,0,2,2,12,6,0,0,50,6,0.1,0.9,100,6,0,
462,Tyrell Williams,29,DET,WR,1,1,3,2,14,7,0,1,33.3,7,2,14,66.7,4.7,0,
463,Ethan Wolf,26,NOR,TE,2,1,2,2,8,4,0,0,50,4,1,4,100,4,0,
464,Kenny Yeboah,23,NYJ,TE,9,0,3,2,36,18,0,2,66.7,24,0.2,4,66.7,12,0,
465,Alex Armah,27,NOR,FB,9,2,1,1,1,1,1,1,100,1,0.1,0.1,100,1,0,
466,Nick Bawden,25,NYJ,RB,9,1,1,1,20,20,0,1,100,20,0.1,2.2,100,20,0,
467,Nick Bellore,32,SEA,LB,17,0,1,1,4,4,0,0,100,4,0.1,0.2,100,4,0,
468,Tarik Black,23,NYJ,WR,1,0,2,1,10,10,0,1,50,10,1,10,50,5,0,
